<stg><name>multiply_partB_2</name>


<trans_list>

<trans id="242" from="1" to="2">
<condition id="-1">
<or_exp><and_exp></and_exp></or_exp>
</condition>
</trans>

<trans id="243" from="2" to="3">
<condition id="-1">
<or_exp><and_exp><literal name="icmp_ln11" val="0"/>
</and_exp></or_exp>
</condition>
</trans>

<trans id="246" from="2" to="4">
<condition id="-1">
<or_exp><and_exp><literal name="icmp_ln11" val="1"/>
</and_exp></or_exp>
</condition>
</trans>

<trans id="244" from="3" to="3">
<condition id="-1">
<or_exp><and_exp><literal name="icmp_ln13" val="0"/>
</and_exp></or_exp>
</condition>
</trans>

<trans id="245" from="3" to="2">
<condition id="-1">
<or_exp><and_exp><literal name="icmp_ln13" val="1"/>
</and_exp></or_exp>
</condition>
</trans>

<trans id="247" from="4" to="5">
<condition id="-1">
<or_exp><and_exp><literal name="icmp_ln27" val="0"/>
</and_exp></or_exp>
</condition>
</trans>

<trans id="272" from="4" to="19">
<condition id="-1">
<or_exp><and_exp><literal name="icmp_ln27" val="1"/>
</and_exp></or_exp>
</condition>
</trans>

<trans id="248" from="5" to="6">
<condition id="-1">
<or_exp><and_exp><literal name="icmp_ln29" val="0"/>
</and_exp></or_exp>
</condition>
</trans>

<trans id="271" from="5" to="4">
<condition id="-1">
<or_exp><and_exp><literal name="icmp_ln29" val="1"/>
</and_exp></or_exp>
</condition>
</trans>

<trans id="249" from="6" to="7">
<condition id="-1">
<or_exp><and_exp><literal name="icmp_ln31" val="0"/>
<literal name="and_ln35_1" val="1"/>
</and_exp></or_exp>
</condition>
</trans>

<trans id="250" from="6" to="9">
<condition id="-1">
<or_exp><and_exp><literal name="icmp_ln31" val="0"/>
<literal name="and_ln35_1" val="0"/>
</and_exp></or_exp>
</condition>
</trans>

<trans id="270" from="6" to="5">
<condition id="-1">
<or_exp><and_exp><literal name="icmp_ln31" val="1"/>
</and_exp></or_exp>
</condition>
</trans>

<trans id="252" from="7" to="8">
<condition id="-1">
<or_exp><and_exp></and_exp></or_exp>
</condition>
</trans>

<trans id="253" from="8" to="9">
<condition id="-1">
<or_exp><and_exp></and_exp></or_exp>
</condition>
</trans>

<trans id="254" from="9" to="10">
<condition id="-1">
<or_exp><and_exp><literal name="and_ln35_2" val="1"/>
</and_exp></or_exp>
</condition>
</trans>

<trans id="255" from="9" to="12">
<condition id="-1">
<or_exp><and_exp><literal name="and_ln35_2" val="0"/>
</and_exp></or_exp>
</condition>
</trans>

<trans id="257" from="10" to="11">
<condition id="-1">
<or_exp><and_exp></and_exp></or_exp>
</condition>
</trans>

<trans id="258" from="11" to="12">
<condition id="-1">
<or_exp><and_exp></and_exp></or_exp>
</condition>
</trans>

<trans id="259" from="12" to="13">
<condition id="-1">
<or_exp><and_exp><literal name="and_ln35_3" val="1"/>
</and_exp></or_exp>
</condition>
</trans>

<trans id="260" from="12" to="15">
<condition id="-1">
<or_exp><and_exp><literal name="and_ln35_3" val="0"/>
</and_exp></or_exp>
</condition>
</trans>

<trans id="262" from="13" to="14">
<condition id="-1">
<or_exp><and_exp></and_exp></or_exp>
</condition>
</trans>

<trans id="263" from="14" to="15">
<condition id="-1">
<or_exp><and_exp></and_exp></or_exp>
</condition>
</trans>

<trans id="264" from="15" to="16">
<condition id="-1">
<or_exp><and_exp><literal name="and_ln35_4" val="1"/>
</and_exp></or_exp>
</condition>
</trans>

<trans id="265" from="15" to="18">
<condition id="-1">
<or_exp><and_exp><literal name="and_ln35_4" val="0"/>
</and_exp></or_exp>
</condition>
</trans>

<trans id="267" from="16" to="17">
<condition id="-1">
<or_exp><and_exp></and_exp></or_exp>
</condition>
</trans>

<trans id="268" from="17" to="18">
<condition id="-1">
<or_exp><and_exp></and_exp></or_exp>
</condition>
</trans>

<trans id="269" from="18" to="6">
<condition id="-1">
<or_exp><and_exp></and_exp></or_exp>
</condition>
</trans>

<trans id="273" from="19" to="20">
<condition id="-1">
<or_exp><and_exp><literal name="icmp_ln42" val="0"/>
</and_exp></or_exp>
</condition>
</trans>

<trans id="274" from="20" to="21">
<condition id="-1">
<or_exp><and_exp><literal name="icmp_ln44" val="0"/>
</and_exp></or_exp>
</condition>
</trans>

<trans id="277" from="20" to="19">
<condition id="-1">
<or_exp><and_exp><literal name="icmp_ln44" val="1"/>
</and_exp></or_exp>
</condition>
</trans>

<trans id="276" from="21" to="20">
<condition id="-1">
<or_exp><and_exp></and_exp></or_exp>
</condition>
</trans>
</trans_list>



<state_list>

<state id="1" st_id="1">

<operation id="22" st_id="1" stage="1" lat="1">
<core>NULL</core>
<MemPortIdVec></MemPortIdVec>
<condition id="-1">
<or_exp><and_exp></and_exp></or_exp>
</condition>

<Node id="10" bw="0" op_0_bw="0" op_1_bw="32">
<![CDATA[
:0  call void (...)* @_ssdm_op_SpecBitsMap(i32* %A) nounwind, !map !7

]]></Node>
<StgValue><ssdm name="specbitsmap_ln0"/></StgValue>
</operation>

<operation id="23" st_id="1" stage="1" lat="1">
<core>NULL</core>
<MemPortIdVec></MemPortIdVec>
<condition id="-1">
<or_exp><and_exp></and_exp></or_exp>
</condition>

<Node id="11" bw="0" op_0_bw="0" op_1_bw="32">
<![CDATA[
:1  call void (...)* @_ssdm_op_SpecBitsMap(i32* %B) nounwind, !map !13

]]></Node>
<StgValue><ssdm name="specbitsmap_ln0"/></StgValue>
</operation>

<operation id="24" st_id="1" stage="1" lat="1">
<core>NULL</core>
<MemPortIdVec></MemPortIdVec>
<condition id="-1">
<or_exp><and_exp></and_exp></or_exp>
</condition>

<Node id="12" bw="0" op_0_bw="0" op_1_bw="32">
<![CDATA[
:2  call void (...)* @_ssdm_op_SpecBitsMap(i32* %C) nounwind, !map !17

]]></Node>
<StgValue><ssdm name="specbitsmap_ln0"/></StgValue>
</operation>

<operation id="25" st_id="1" stage="1" lat="1">
<core>NULL</core>
<MemPortIdVec></MemPortIdVec>
<condition id="-1">
<or_exp><and_exp></and_exp></or_exp>
</condition>

<Node id="13" bw="0" op_0_bw="0" op_1_bw="32">
<![CDATA[
:3  call void (...)* @_ssdm_op_SpecBitsMap(i32 %mA) nounwind, !map !21

]]></Node>
<StgValue><ssdm name="specbitsmap_ln0"/></StgValue>
</operation>

<operation id="26" st_id="1" stage="1" lat="1">
<core>NULL</core>
<MemPortIdVec></MemPortIdVec>
<condition id="-1">
<or_exp><and_exp></and_exp></or_exp>
</condition>

<Node id="14" bw="0" op_0_bw="0" op_1_bw="32">
<![CDATA[
:4  call void (...)* @_ssdm_op_SpecBitsMap(i32 %nA) nounwind, !map !27

]]></Node>
<StgValue><ssdm name="specbitsmap_ln0"/></StgValue>
</operation>

<operation id="27" st_id="1" stage="1" lat="1">
<core>NULL</core>
<MemPortIdVec></MemPortIdVec>
<condition id="-1">
<or_exp><and_exp></and_exp></or_exp>
</condition>

<Node id="15" bw="0" op_0_bw="0" op_1_bw="32">
<![CDATA[
:5  call void (...)* @_ssdm_op_SpecBitsMap(i32 %mB) nounwind, !map !31

]]></Node>
<StgValue><ssdm name="specbitsmap_ln0"/></StgValue>
</operation>

<operation id="28" st_id="1" stage="1" lat="1">
<core>NULL</core>
<MemPortIdVec></MemPortIdVec>
<condition id="-1">
<or_exp><and_exp></and_exp></or_exp>
</condition>

<Node id="16" bw="0" op_0_bw="0" op_1_bw="32">
<![CDATA[
:6  call void (...)* @_ssdm_op_SpecBitsMap(i32 %nB) nounwind, !map !35

]]></Node>
<StgValue><ssdm name="specbitsmap_ln0"/></StgValue>
</operation>

<operation id="29" st_id="1" stage="1" lat="1">
<core>NULL</core>
<MemPortIdVec></MemPortIdVec>
<condition id="-1">
<or_exp><and_exp></and_exp></or_exp>
</condition>

<Node id="17" bw="0" op_0_bw="0" op_1_bw="32">
<![CDATA[
:7  call void (...)* @_ssdm_op_SpecBitsMap(i32 %mC) nounwind, !map !39

]]></Node>
<StgValue><ssdm name="specbitsmap_ln0"/></StgValue>
</operation>

<operation id="30" st_id="1" stage="1" lat="1">
<core>NULL</core>
<MemPortIdVec></MemPortIdVec>
<condition id="-1">
<or_exp><and_exp></and_exp></or_exp>
</condition>

<Node id="18" bw="0" op_0_bw="0" op_1_bw="32">
<![CDATA[
:8  call void (...)* @_ssdm_op_SpecBitsMap(i32 %nC) nounwind, !map !43

]]></Node>
<StgValue><ssdm name="specbitsmap_ln0"/></StgValue>
</operation>

<operation id="31" st_id="1" stage="1" lat="1">
<core>NULL</core>
<MemPortIdVec></MemPortIdVec>
<condition id="-1">
<or_exp><and_exp></and_exp></or_exp>
</condition>

<Node id="19" bw="0" op_0_bw="0" op_1_bw="0">
<![CDATA[
:9  call void (...)* @_ssdm_op_SpecTopModule([17 x i8]* @multiply_partB_2_str) nounwind

]]></Node>
<StgValue><ssdm name="spectopmodule_ln0"/></StgValue>
</operation>

<operation id="32" st_id="1" stage="1" lat="1">
<core>NULL</core>
<MemPortIdVec></MemPortIdVec>
<condition id="-1">
<or_exp><and_exp></and_exp></or_exp>
</condition>

<Node id="20" bw="32" op_0_bw="32" op_1_bw="32">
<![CDATA[
:10  %nC_read = call i32 @_ssdm_op_Read.ap_auto.i32(i32 %nC) nounwind

]]></Node>
<StgValue><ssdm name="nC_read"/></StgValue>
</operation>

<operation id="33" st_id="1" stage="1" lat="1">
<core>NULL</core>
<MemPortIdVec></MemPortIdVec>
<condition id="-1">
<or_exp><and_exp></and_exp></or_exp>
</condition>

<Node id="21" bw="32" op_0_bw="32" op_1_bw="32">
<![CDATA[
:11  %mC_read = call i32 @_ssdm_op_Read.ap_auto.i32(i32 %mC) nounwind

]]></Node>
<StgValue><ssdm name="mC_read"/></StgValue>
</operation>

<operation id="34" st_id="1" stage="1" lat="1">
<core>NULL</core>
<MemPortIdVec></MemPortIdVec>
<condition id="-1">
<or_exp><and_exp></and_exp></or_exp>
</condition>

<Node id="22" bw="32" op_0_bw="32" op_1_bw="32">
<![CDATA[
:12  %nA_read = call i32 @_ssdm_op_Read.ap_auto.i32(i32 %nA) nounwind

]]></Node>
<StgValue><ssdm name="nA_read"/></StgValue>
</operation>

<operation id="35" st_id="1" stage="1" lat="1">
<core>RAM</core>
<MemPortIdVec></MemPortIdVec>
<condition id="-1">
<or_exp><and_exp></and_exp></or_exp>
</condition>

<Node id="23" bw="32" op_0_bw="64">
<![CDATA[
:13  %arrayA = alloca [10000 x i32], align 4

]]></Node>
<StgValue><ssdm name="arrayA"/></StgValue>
</operation>

<operation id="36" st_id="1" stage="1" lat="1">
<core>RAM</core>
<MemPortIdVec></MemPortIdVec>
<condition id="-1">
<or_exp><and_exp></and_exp></or_exp>
</condition>

<Node id="24" bw="32" op_0_bw="64">
<![CDATA[
:14  %arrayB = alloca [10000 x i32], align 4

]]></Node>
<StgValue><ssdm name="arrayB"/></StgValue>
</operation>

<operation id="37" st_id="1" stage="1" lat="1">
<core>RAM</core>
<MemPortIdVec></MemPortIdVec>
<condition id="-1">
<or_exp><and_exp></and_exp></or_exp>
</condition>

<Node id="25" bw="32" op_0_bw="64">
<![CDATA[
:15  %arrayC = alloca [10000 x i32], align 4

]]></Node>
<StgValue><ssdm name="arrayC"/></StgValue>
</operation>

<operation id="38" st_id="1" stage="1" lat="1">
<core>NULL</core>
<MemPortIdVec></MemPortIdVec>
<condition id="-1">
<or_exp><and_exp></and_exp></or_exp>
</condition>

<Node id="26" bw="0" op_0_bw="0" op_1_bw="32" op_2_bw="0" op_3_bw="32" op_4_bw="32" op_5_bw="0" op_6_bw="32" op_7_bw="32" op_8_bw="0" op_9_bw="0" op_10_bw="0" op_11_bw="32" op_12_bw="32" op_13_bw="32" op_14_bw="32" op_15_bw="0" op_16_bw="0">
<![CDATA[
:16  call void (...)* @_ssdm_op_SpecInterface(i32* %A, [8 x i8]* @p_str, i32 0, i32 0, [1 x i8]* @p_str1, i32 0, i32 0, [1 x i8]* @p_str1, [1 x i8]* @p_str1, [1 x i8]* @p_str1, i32 0, i32 0, i32 0, i32 0, [1 x i8]* @p_str1, [1 x i8]* @p_str1)

]]></Node>
<StgValue><ssdm name="specinterface_ln4"/></StgValue>
</operation>

<operation id="39" st_id="1" stage="1" lat="1">
<core>NULL</core>
<MemPortIdVec></MemPortIdVec>
<condition id="-1">
<or_exp><and_exp></and_exp></or_exp>
</condition>

<Node id="27" bw="0" op_0_bw="0" op_1_bw="32" op_2_bw="0" op_3_bw="32" op_4_bw="32" op_5_bw="0" op_6_bw="32" op_7_bw="32" op_8_bw="0" op_9_bw="0" op_10_bw="0" op_11_bw="32" op_12_bw="32" op_13_bw="32" op_14_bw="32" op_15_bw="0" op_16_bw="0">
<![CDATA[
:17  call void (...)* @_ssdm_op_SpecInterface(i32* %B, [8 x i8]* @p_str, i32 0, i32 0, [1 x i8]* @p_str1, i32 0, i32 0, [1 x i8]* @p_str1, [1 x i8]* @p_str1, [1 x i8]* @p_str1, i32 0, i32 0, i32 0, i32 0, [1 x i8]* @p_str1, [1 x i8]* @p_str1)

]]></Node>
<StgValue><ssdm name="specinterface_ln4"/></StgValue>
</operation>

<operation id="40" st_id="1" stage="1" lat="1">
<core>NULL</core>
<MemPortIdVec></MemPortIdVec>
<condition id="-1">
<or_exp><and_exp></and_exp></or_exp>
</condition>

<Node id="28" bw="0" op_0_bw="0" op_1_bw="32" op_2_bw="0" op_3_bw="32" op_4_bw="32" op_5_bw="0" op_6_bw="32" op_7_bw="32" op_8_bw="0" op_9_bw="0" op_10_bw="0" op_11_bw="32" op_12_bw="32" op_13_bw="32" op_14_bw="32" op_15_bw="0" op_16_bw="0">
<![CDATA[
:18  call void (...)* @_ssdm_op_SpecInterface(i32* %C, [8 x i8]* @p_str, i32 0, i32 0, [1 x i8]* @p_str1, i32 0, i32 0, [1 x i8]* @p_str1, [1 x i8]* @p_str1, [1 x i8]* @p_str1, i32 0, i32 0, i32 0, i32 0, [1 x i8]* @p_str1, [1 x i8]* @p_str1)

]]></Node>
<StgValue><ssdm name="specinterface_ln4"/></StgValue>
</operation>

<operation id="41" st_id="1" stage="1" lat="1">
<core>NULL</core>
<MemPortIdVec></MemPortIdVec>
<condition id="-1">
<or_exp><and_exp></and_exp></or_exp>
</condition>

<Node id="29" bw="0" op_0_bw="0">
<![CDATA[
:19  br label %1

]]></Node>
<StgValue><ssdm name="br_ln11"/></StgValue>
</operation>
</state>

<state id="2" st_id="2">

<operation id="42" st_id="2" stage="1" lat="1">
<core>NULL</core>
<MemPortIdVec></MemPortIdVec>
<condition id="-1">
<or_exp><and_exp></and_exp></or_exp>
</condition>

<Node id="31" bw="7" op_0_bw="7" op_1_bw="0" op_2_bw="7" op_3_bw="0">
<![CDATA[
:0  %i_0 = phi i7 [ 0, %0 ], [ %i, %loop_read_end ]

]]></Node>
<StgValue><ssdm name="i_0"/></StgValue>
</operation>

<operation id="43" st_id="2" stage="1" lat="1">
<core>NULL</core>
<MemPortIdVec></MemPortIdVec>
<condition id="-1">
<or_exp><and_exp></and_exp></or_exp>
</condition>

<Node id="32" bw="14" op_0_bw="14" op_1_bw="0" op_2_bw="14" op_3_bw="0">
<![CDATA[
:1  %phi_mul = phi i14 [ 0, %0 ], [ %add_ln11, %loop_read_end ]

]]></Node>
<StgValue><ssdm name="phi_mul"/></StgValue>
</operation>

<operation id="44" st_id="2" stage="1" lat="1">
<core>AddSub</core>
<MemPortIdVec></MemPortIdVec>
<condition id="-1">
<or_exp><and_exp></and_exp></or_exp>
</condition>

<Node id="33" bw="14" op_0_bw="14" op_1_bw="14">
<![CDATA[
:2  %add_ln11 = add i14 %phi_mul, 100

]]></Node>
<StgValue><ssdm name="add_ln11"/></StgValue>
</operation>

<operation id="45" st_id="2" stage="1" lat="1">
<core>NULL</core>
<MemPortIdVec></MemPortIdVec>
<condition id="-1">
<or_exp><and_exp></and_exp></or_exp>
</condition>

<Node id="34" bw="32" op_0_bw="7">
<![CDATA[
:3  %zext_ln11 = zext i7 %i_0 to i32

]]></Node>
<StgValue><ssdm name="zext_ln11"/></StgValue>
</operation>

<operation id="46" st_id="2" stage="1" lat="1">
<core>Cmp</core>
<MemPortIdVec></MemPortIdVec>
<condition id="-1">
<or_exp><and_exp></and_exp></or_exp>
</condition>

<Node id="35" bw="1" op_0_bw="7" op_1_bw="7">
<![CDATA[
:4  %icmp_ln11 = icmp eq i7 %i_0, -28

]]></Node>
<StgValue><ssdm name="icmp_ln11"/></StgValue>
</operation>

<operation id="47" st_id="2" stage="1" lat="1">
<core>NULL</core>
<MemPortIdVec></MemPortIdVec>
<condition id="-1">
<or_exp><and_exp></and_exp></or_exp>
</condition>

<Node id="36" bw="32" op_0_bw="32" op_1_bw="64" op_2_bw="64" op_3_bw="64">
<![CDATA[
:5  %empty = call i32 (...)* @_ssdm_op_SpecLoopTripCount(i64 100, i64 100, i64 100) nounwind

]]></Node>
<StgValue><ssdm name="empty"/></StgValue>
</operation>

<operation id="48" st_id="2" stage="1" lat="1">
<core>AddSub</core>
<MemPortIdVec></MemPortIdVec>
<condition id="-1">
<or_exp><and_exp></and_exp></or_exp>
</condition>

<Node id="37" bw="7" op_0_bw="7" op_1_bw="7">
<![CDATA[
:6  %i = add i7 %i_0, 1

]]></Node>
<StgValue><ssdm name="i"/></StgValue>
</operation>

<operation id="49" st_id="2" stage="1" lat="1">
<core>NULL</core>
<MemPortIdVec></MemPortIdVec>
<condition id="-1">
<or_exp><and_exp></and_exp></or_exp>
</condition>

<Node id="38" bw="0" op_0_bw="1" op_1_bw="0" op_2_bw="0">
<![CDATA[
:7  br i1 %icmp_ln11, label %.preheader5.preheader, label %loop_read_begin

]]></Node>
<StgValue><ssdm name="br_ln11"/></StgValue>
</operation>

<operation id="50" st_id="2" stage="1" lat="1">
<core>NULL</core>
<MemPortIdVec></MemPortIdVec>
<condition id="-1">
<or_exp><and_exp><literal name="icmp_ln11" val="0"/>
</and_exp></or_exp>
</condition>

<Node id="40" bw="0" op_0_bw="0" op_1_bw="0">
<![CDATA[
loop_read_begin:0  call void (...)* @_ssdm_op_SpecLoopName([10 x i8]* @p_str2) nounwind

]]></Node>
<StgValue><ssdm name="specloopname_ln12"/></StgValue>
</operation>

<operation id="51" st_id="2" stage="1" lat="1">
<core>NULL</core>
<MemPortIdVec></MemPortIdVec>
<condition id="-1">
<or_exp><and_exp><literal name="icmp_ln11" val="0"/>
</and_exp></or_exp>
</condition>

<Node id="41" bw="32" op_0_bw="32" op_1_bw="0">
<![CDATA[
loop_read_begin:1  %tmp = call i32 (...)* @_ssdm_op_SpecRegionBegin([10 x i8]* @p_str2) nounwind

]]></Node>
<StgValue><ssdm name="tmp"/></StgValue>
</operation>

<operation id="52" st_id="2" stage="1" lat="1">
<core>Cmp</core>
<MemPortIdVec></MemPortIdVec>
<condition id="-1">
<or_exp><and_exp><literal name="icmp_ln11" val="0"/>
</and_exp></or_exp>
</condition>

<Node id="42" bw="1" op_0_bw="32" op_1_bw="32">
<![CDATA[
loop_read_begin:2  %icmp_ln17 = icmp slt i32 %zext_ln11, %mC_read

]]></Node>
<StgValue><ssdm name="icmp_ln17"/></StgValue>
</operation>

<operation id="53" st_id="2" stage="1" lat="1">
<core>NULL</core>
<MemPortIdVec></MemPortIdVec>
<condition id="-1">
<or_exp><and_exp><literal name="icmp_ln11" val="0"/>
</and_exp></or_exp>
</condition>

<Node id="43" bw="0" op_0_bw="0">
<![CDATA[
loop_read_begin:3  br label %2

]]></Node>
<StgValue><ssdm name="br_ln13"/></StgValue>
</operation>

<operation id="54" st_id="2" stage="1" lat="1">
<core>NULL</core>
<MemPortIdVec></MemPortIdVec>
<condition id="-1">
<or_exp><and_exp><literal name="icmp_ln11" val="1"/>
</and_exp></or_exp>
</condition>

<Node id="74" bw="0" op_0_bw="0">
<![CDATA[
.preheader5.preheader:0  br label %.preheader5

]]></Node>
<StgValue><ssdm name="br_ln27"/></StgValue>
</operation>
</state>

<state id="3" st_id="3">

<operation id="55" st_id="3" stage="1" lat="1">
<core>NULL</core>
<MemPortIdVec></MemPortIdVec>
<condition id="-1">
<or_exp><and_exp></and_exp></or_exp>
</condition>

<Node id="45" bw="7" op_0_bw="7" op_1_bw="0" op_2_bw="7" op_3_bw="0">
<![CDATA[
:0  %j_0 = phi i7 [ 0, %loop_read_begin ], [ %j_3, %._crit_edge ]

]]></Node>
<StgValue><ssdm name="j_0"/></StgValue>
</operation>

<operation id="56" st_id="3" stage="1" lat="1">
<core>NULL</core>
<MemPortIdVec></MemPortIdVec>
<condition id="-1">
<or_exp><and_exp></and_exp></or_exp>
</condition>

<Node id="46" bw="32" op_0_bw="7">
<![CDATA[
:1  %zext_ln13 = zext i7 %j_0 to i32

]]></Node>
<StgValue><ssdm name="zext_ln13"/></StgValue>
</operation>

<operation id="57" st_id="3" stage="1" lat="1">
<core>Cmp</core>
<MemPortIdVec></MemPortIdVec>
<condition id="-1">
<or_exp><and_exp></and_exp></or_exp>
</condition>

<Node id="47" bw="1" op_0_bw="7" op_1_bw="7">
<![CDATA[
:2  %icmp_ln13 = icmp eq i7 %j_0, -28

]]></Node>
<StgValue><ssdm name="icmp_ln13"/></StgValue>
</operation>

<operation id="58" st_id="3" stage="1" lat="1">
<core>NULL</core>
<MemPortIdVec></MemPortIdVec>
<condition id="-1">
<or_exp><and_exp></and_exp></or_exp>
</condition>

<Node id="48" bw="32" op_0_bw="32" op_1_bw="64" op_2_bw="64" op_3_bw="64">
<![CDATA[
:3  %empty_4 = call i32 (...)* @_ssdm_op_SpecLoopTripCount(i64 100, i64 100, i64 100) nounwind

]]></Node>
<StgValue><ssdm name="empty_4"/></StgValue>
</operation>

<operation id="59" st_id="3" stage="1" lat="1">
<core>AddSub</core>
<MemPortIdVec></MemPortIdVec>
<condition id="-1">
<or_exp><and_exp></and_exp></or_exp>
</condition>

<Node id="49" bw="7" op_0_bw="7" op_1_bw="7">
<![CDATA[
:4  %j_3 = add i7 %j_0, 1

]]></Node>
<StgValue><ssdm name="j_3"/></StgValue>
</operation>

<operation id="60" st_id="3" stage="1" lat="1">
<core>NULL</core>
<MemPortIdVec></MemPortIdVec>
<condition id="-1">
<or_exp><and_exp></and_exp></or_exp>
</condition>

<Node id="50" bw="0" op_0_bw="1" op_1_bw="0" op_2_bw="0">
<![CDATA[
:5  br i1 %icmp_ln13, label %loop_read_end, label %3

]]></Node>
<StgValue><ssdm name="br_ln13"/></StgValue>
</operation>

<operation id="61" st_id="3" stage="1" lat="1">
<core>Cmp</core>
<MemPortIdVec></MemPortIdVec>
<condition id="-1">
<or_exp><and_exp><literal name="icmp_ln13" val="0"/>
</and_exp></or_exp>
</condition>

<Node id="52" bw="1" op_0_bw="32" op_1_bw="32">
<![CDATA[
:0  %icmp_ln17_1 = icmp slt i32 %zext_ln13, %nC_read

]]></Node>
<StgValue><ssdm name="icmp_ln17_1"/></StgValue>
</operation>

<operation id="62" st_id="3" stage="1" lat="1">
<core>LogicGate</core>
<MemPortIdVec></MemPortIdVec>
<condition id="-1">
<or_exp><and_exp><literal name="icmp_ln13" val="0"/>
</and_exp></or_exp>
</condition>

<Node id="53" bw="1" op_0_bw="1" op_1_bw="1">
<![CDATA[
:1  %and_ln17 = and i1 %icmp_ln17, %icmp_ln17_1

]]></Node>
<StgValue><ssdm name="and_ln17"/></StgValue>
</operation>

<operation id="63" st_id="3" stage="1" lat="1">
<core>NULL</core>
<MemPortIdVec></MemPortIdVec>
<condition id="-1">
<or_exp><and_exp><literal name="icmp_ln13" val="0"/>
</and_exp></or_exp>
</condition>

<Node id="54" bw="0" op_0_bw="1" op_1_bw="0" op_2_bw="0">
<![CDATA[
:2  br i1 %and_ln17, label %4, label %._crit_edge

]]></Node>
<StgValue><ssdm name="br_ln17"/></StgValue>
</operation>

<operation id="64" st_id="3" stage="1" lat="1">
<core>NULL</core>
<MemPortIdVec></MemPortIdVec>
<condition id="-1">
<or_exp><and_exp><literal name="icmp_ln13" val="0"/>
<literal name="and_ln17" val="1"/>
</and_exp></or_exp>
</condition>

<Node id="56" bw="14" op_0_bw="7">
<![CDATA[
:0  %zext_ln18 = zext i7 %j_0 to i14

]]></Node>
<StgValue><ssdm name="zext_ln18"/></StgValue>
</operation>

<operation id="65" st_id="3" stage="1" lat="1">
<core>AddSub</core>
<MemPortIdVec></MemPortIdVec>
<condition id="-1">
<or_exp><and_exp><literal name="icmp_ln13" val="0"/>
<literal name="and_ln17" val="1"/>
</and_exp></or_exp>
</condition>

<Node id="57" bw="14" op_0_bw="14" op_1_bw="14">
<![CDATA[
:1  %add_ln18 = add i14 %phi_mul, %zext_ln18

]]></Node>
<StgValue><ssdm name="add_ln18"/></StgValue>
</operation>

<operation id="66" st_id="3" stage="1" lat="1">
<core>NULL</core>
<MemPortIdVec></MemPortIdVec>
<condition id="-1">
<or_exp><and_exp><literal name="icmp_ln13" val="0"/>
<literal name="and_ln17" val="1"/>
</and_exp></or_exp>
</condition>

<Node id="58" bw="64" op_0_bw="14">
<![CDATA[
:2  %zext_ln18_1 = zext i14 %add_ln18 to i64

]]></Node>
<StgValue><ssdm name="zext_ln18_1"/></StgValue>
</operation>

<operation id="67" st_id="3" stage="1" lat="1">
<core>NULL</core>
<MemPortIdVec></MemPortIdVec>
<condition id="-1">
<or_exp><and_exp><literal name="icmp_ln13" val="0"/>
<literal name="and_ln17" val="1"/>
</and_exp></or_exp>
</condition>

<Node id="59" bw="14" op_0_bw="32" op_1_bw="64" op_2_bw="64">
<![CDATA[
:3  %arrayA_addr = getelementptr [10000 x i32]* %arrayA, i64 0, i64 %zext_ln18_1

]]></Node>
<StgValue><ssdm name="arrayA_addr"/></StgValue>
</operation>

<operation id="68" st_id="3" stage="1" lat="1">
<core>NULL</core>
<MemPortIdVec></MemPortIdVec>
<condition id="-1">
<or_exp><and_exp><literal name="icmp_ln13" val="0"/>
<literal name="and_ln17" val="1"/>
</and_exp></or_exp>
</condition>

<Node id="60" bw="14" op_0_bw="32" op_1_bw="64" op_2_bw="64">
<![CDATA[
:4  %arrayB_addr = getelementptr [10000 x i32]* %arrayB, i64 0, i64 %zext_ln18_1

]]></Node>
<StgValue><ssdm name="arrayB_addr"/></StgValue>
</operation>

<operation id="69" st_id="3" stage="1" lat="1">
<core>NULL</core>
<MemPortIdVec></MemPortIdVec>
<condition id="-1">
<or_exp><and_exp><literal name="icmp_ln13" val="0"/>
<literal name="and_ln17" val="1"/>
</and_exp></or_exp>
</condition>

<Node id="61" bw="14" op_0_bw="32" op_1_bw="64" op_2_bw="64">
<![CDATA[
:5  %arrayC_addr = getelementptr [10000 x i32]* %arrayC, i64 0, i64 %zext_ln18_1

]]></Node>
<StgValue><ssdm name="arrayC_addr"/></StgValue>
</operation>

<operation id="70" st_id="3" stage="1" lat="1">
<core>FIFO</core>
<MemPortIdVec></MemPortIdVec>
<condition id="-1">
<or_exp><and_exp><literal name="icmp_ln13" val="0"/>
<literal name="and_ln17" val="1"/>
</and_exp></or_exp>
</condition>

<Node id="62" bw="32" op_0_bw="32" op_1_bw="32">
<![CDATA[
:6  %A_read = call i32 @_ssdm_op_Read.ap_fifo.volatile.i32P(i32* %A) nounwind

]]></Node>
<StgValue><ssdm name="A_read"/></StgValue>
</operation>

<operation id="71" st_id="3" stage="1" lat="1">
<core>RAM</core>
<MemPortIdVec></MemPortIdVec>
<condition id="-1">
<or_exp><and_exp><literal name="icmp_ln13" val="0"/>
<literal name="and_ln17" val="1"/>
</and_exp></or_exp>
</condition>

<Node id="63" bw="0" op_0_bw="32" op_1_bw="14">
<![CDATA[
:7  store i32 %A_read, i32* %arrayA_addr, align 4

]]></Node>
<StgValue><ssdm name="store_ln18"/></StgValue>
</operation>

<operation id="72" st_id="3" stage="1" lat="1">
<core>FIFO</core>
<MemPortIdVec></MemPortIdVec>
<condition id="-1">
<or_exp><and_exp><literal name="icmp_ln13" val="0"/>
<literal name="and_ln17" val="1"/>
</and_exp></or_exp>
</condition>

<Node id="64" bw="32" op_0_bw="32" op_1_bw="32">
<![CDATA[
:8  %B_read = call i32 @_ssdm_op_Read.ap_fifo.volatile.i32P(i32* %B) nounwind

]]></Node>
<StgValue><ssdm name="B_read"/></StgValue>
</operation>

<operation id="73" st_id="3" stage="1" lat="1">
<core>RAM</core>
<MemPortIdVec></MemPortIdVec>
<condition id="-1">
<or_exp><and_exp><literal name="icmp_ln13" val="0"/>
<literal name="and_ln17" val="1"/>
</and_exp></or_exp>
</condition>

<Node id="65" bw="0" op_0_bw="32" op_1_bw="14">
<![CDATA[
:9  store i32 %B_read, i32* %arrayB_addr, align 4

]]></Node>
<StgValue><ssdm name="store_ln19"/></StgValue>
</operation>

<operation id="74" st_id="3" stage="1" lat="1">
<core>RAM</core>
<MemPortIdVec></MemPortIdVec>
<condition id="-1">
<or_exp><and_exp><literal name="icmp_ln13" val="0"/>
<literal name="and_ln17" val="1"/>
</and_exp></or_exp>
</condition>

<Node id="66" bw="0" op_0_bw="32" op_1_bw="14">
<![CDATA[
:10  store i32 0, i32* %arrayC_addr, align 4

]]></Node>
<StgValue><ssdm name="store_ln20"/></StgValue>
</operation>

<operation id="75" st_id="3" stage="1" lat="1">
<core>NULL</core>
<MemPortIdVec></MemPortIdVec>
<condition id="-1">
<or_exp><and_exp><literal name="icmp_ln13" val="0"/>
<literal name="and_ln17" val="1"/>
</and_exp></or_exp>
</condition>

<Node id="67" bw="0" op_0_bw="0">
<![CDATA[
:11  br label %._crit_edge

]]></Node>
<StgValue><ssdm name="br_ln21"/></StgValue>
</operation>

<operation id="76" st_id="3" stage="1" lat="1">
<core>NULL</core>
<MemPortIdVec></MemPortIdVec>
<condition id="-1">
<or_exp><and_exp><literal name="icmp_ln13" val="0"/>
</and_exp></or_exp>
</condition>

<Node id="69" bw="0" op_0_bw="0">
<![CDATA[
._crit_edge:0  br label %2

]]></Node>
<StgValue><ssdm name="br_ln13"/></StgValue>
</operation>

<operation id="77" st_id="3" stage="1" lat="1">
<core>NULL</core>
<MemPortIdVec></MemPortIdVec>
<condition id="-1">
<or_exp><and_exp><literal name="icmp_ln13" val="1"/>
</and_exp></or_exp>
</condition>

<Node id="71" bw="32" op_0_bw="32" op_1_bw="0" op_2_bw="32">
<![CDATA[
loop_read_end:0  %empty_5 = call i32 (...)* @_ssdm_op_SpecRegionEnd([10 x i8]* @p_str2, i32 %tmp) nounwind

]]></Node>
<StgValue><ssdm name="empty_5"/></StgValue>
</operation>

<operation id="78" st_id="3" stage="1" lat="1">
<core>NULL</core>
<MemPortIdVec></MemPortIdVec>
<condition id="-1">
<or_exp><and_exp><literal name="icmp_ln13" val="1"/>
</and_exp></or_exp>
</condition>

<Node id="72" bw="0" op_0_bw="0">
<![CDATA[
loop_read_end:1  br label %1

]]></Node>
<StgValue><ssdm name="br_ln11"/></StgValue>
</operation>
</state>

<state id="4" st_id="4">

<operation id="79" st_id="4" stage="1" lat="1">
<core>NULL</core>
<MemPortIdVec></MemPortIdVec>
<condition id="-1">
<or_exp><and_exp></and_exp></or_exp>
</condition>

<Node id="76" bw="7" op_0_bw="7" op_1_bw="0" op_2_bw="7" op_3_bw="0">
<![CDATA[
.preheader5:0  %i_1 = phi i7 [ %i_3, %loop_add_end ], [ 0, %.preheader5.preheader ]

]]></Node>
<StgValue><ssdm name="i_1"/></StgValue>
</operation>

<operation id="80" st_id="4" stage="1" lat="1">
<core>NULL</core>
<MemPortIdVec></MemPortIdVec>
<condition id="-1">
<or_exp><and_exp></and_exp></or_exp>
</condition>

<Node id="77" bw="14" op_0_bw="14" op_1_bw="0" op_2_bw="14" op_3_bw="0">
<![CDATA[
.preheader5:1  %phi_mul1 = phi i14 [ %add_ln27, %loop_add_end ], [ 0, %.preheader5.preheader ]

]]></Node>
<StgValue><ssdm name="phi_mul1"/></StgValue>
</operation>

<operation id="81" st_id="4" stage="1" lat="1">
<core>AddSub</core>
<MemPortIdVec></MemPortIdVec>
<condition id="-1">
<or_exp><and_exp></and_exp></or_exp>
</condition>

<Node id="78" bw="14" op_0_bw="14" op_1_bw="14">
<![CDATA[
.preheader5:2  %add_ln27 = add i14 %phi_mul1, 100

]]></Node>
<StgValue><ssdm name="add_ln27"/></StgValue>
</operation>

<operation id="82" st_id="4" stage="1" lat="1">
<core>NULL</core>
<MemPortIdVec></MemPortIdVec>
<condition id="-1">
<or_exp><and_exp></and_exp></or_exp>
</condition>

<Node id="79" bw="32" op_0_bw="7">
<![CDATA[
.preheader5:3  %zext_ln27 = zext i7 %i_1 to i32

]]></Node>
<StgValue><ssdm name="zext_ln27"/></StgValue>
</operation>

<operation id="83" st_id="4" stage="1" lat="1">
<core>Cmp</core>
<MemPortIdVec></MemPortIdVec>
<condition id="-1">
<or_exp><and_exp></and_exp></or_exp>
</condition>

<Node id="80" bw="1" op_0_bw="7" op_1_bw="7">
<![CDATA[
.preheader5:4  %icmp_ln27 = icmp eq i7 %i_1, -28

]]></Node>
<StgValue><ssdm name="icmp_ln27"/></StgValue>
</operation>

<operation id="84" st_id="4" stage="1" lat="1">
<core>NULL</core>
<MemPortIdVec></MemPortIdVec>
<condition id="-1">
<or_exp><and_exp></and_exp></or_exp>
</condition>

<Node id="81" bw="32" op_0_bw="32" op_1_bw="64" op_2_bw="64" op_3_bw="64">
<![CDATA[
.preheader5:5  %empty_6 = call i32 (...)* @_ssdm_op_SpecLoopTripCount(i64 100, i64 100, i64 100) nounwind

]]></Node>
<StgValue><ssdm name="empty_6"/></StgValue>
</operation>

<operation id="85" st_id="4" stage="1" lat="1">
<core>AddSub</core>
<MemPortIdVec></MemPortIdVec>
<condition id="-1">
<or_exp><and_exp></and_exp></or_exp>
</condition>

<Node id="82" bw="7" op_0_bw="7" op_1_bw="7">
<![CDATA[
.preheader5:6  %i_3 = add i7 %i_1, 1

]]></Node>
<StgValue><ssdm name="i_3"/></StgValue>
</operation>

<operation id="86" st_id="4" stage="1" lat="1">
<core>NULL</core>
<MemPortIdVec></MemPortIdVec>
<condition id="-1">
<or_exp><and_exp></and_exp></or_exp>
</condition>

<Node id="83" bw="0" op_0_bw="1" op_1_bw="0" op_2_bw="0">
<![CDATA[
.preheader5:7  br i1 %icmp_ln27, label %.preheader.preheader, label %loop_add_begin

]]></Node>
<StgValue><ssdm name="br_ln27"/></StgValue>
</operation>

<operation id="87" st_id="4" stage="1" lat="1">
<core>NULL</core>
<MemPortIdVec></MemPortIdVec>
<condition id="-1">
<or_exp><and_exp><literal name="icmp_ln27" val="0"/>
</and_exp></or_exp>
</condition>

<Node id="85" bw="0" op_0_bw="0" op_1_bw="0">
<![CDATA[
loop_add_begin:0  call void (...)* @_ssdm_op_SpecLoopName([9 x i8]* @p_str3) nounwind

]]></Node>
<StgValue><ssdm name="specloopname_ln28"/></StgValue>
</operation>

<operation id="88" st_id="4" stage="1" lat="1">
<core>NULL</core>
<MemPortIdVec></MemPortIdVec>
<condition id="-1">
<or_exp><and_exp><literal name="icmp_ln27" val="0"/>
</and_exp></or_exp>
</condition>

<Node id="86" bw="32" op_0_bw="32" op_1_bw="0">
<![CDATA[
loop_add_begin:1  %tmp_1 = call i32 (...)* @_ssdm_op_SpecRegionBegin([9 x i8]* @p_str3) nounwind

]]></Node>
<StgValue><ssdm name="tmp_1"/></StgValue>
</operation>

<operation id="89" st_id="4" stage="1" lat="1">
<core>Cmp</core>
<MemPortIdVec></MemPortIdVec>
<condition id="-1">
<or_exp><and_exp><literal name="icmp_ln27" val="0"/>
</and_exp></or_exp>
</condition>

<Node id="87" bw="1" op_0_bw="32" op_1_bw="32">
<![CDATA[
loop_add_begin:2  %icmp_ln35 = icmp slt i32 %zext_ln27, %mC_read

]]></Node>
<StgValue><ssdm name="icmp_ln35"/></StgValue>
</operation>

<operation id="90" st_id="4" stage="1" lat="1">
<core>NULL</core>
<MemPortIdVec></MemPortIdVec>
<condition id="-1">
<or_exp><and_exp><literal name="icmp_ln27" val="0"/>
</and_exp></or_exp>
</condition>

<Node id="88" bw="0" op_0_bw="0">
<![CDATA[
loop_add_begin:3  br label %.loopexit

]]></Node>
<StgValue><ssdm name="br_ln29"/></StgValue>
</operation>

<operation id="91" st_id="4" stage="1" lat="1">
<core>NULL</core>
<MemPortIdVec></MemPortIdVec>
<condition id="-1">
<or_exp><and_exp><literal name="icmp_ln27" val="1"/>
</and_exp></or_exp>
</condition>

<Node id="209" bw="0" op_0_bw="0">
<![CDATA[
.preheader.preheader:0  br label %.preheader

]]></Node>
<StgValue><ssdm name="br_ln42"/></StgValue>
</operation>
</state>

<state id="5" st_id="5">

<operation id="92" st_id="5" stage="1" lat="1">
<core>NULL</core>
<MemPortIdVec></MemPortIdVec>
<condition id="-1">
<or_exp><and_exp></and_exp></or_exp>
</condition>

<Node id="90" bw="7" op_0_bw="7" op_1_bw="0" op_2_bw="7" op_3_bw="0">
<![CDATA[
.loopexit:0  %j_1 = phi i7 [ 0, %loop_add_begin ], [ %j, %.loopexit.loopexit ]

]]></Node>
<StgValue><ssdm name="j_1"/></StgValue>
</operation>

<operation id="93" st_id="5" stage="1" lat="1">
<core>NULL</core>
<MemPortIdVec></MemPortIdVec>
<condition id="-1">
<or_exp><and_exp></and_exp></or_exp>
</condition>

<Node id="91" bw="32" op_0_bw="7">
<![CDATA[
.loopexit:1  %zext_ln29 = zext i7 %j_1 to i32

]]></Node>
<StgValue><ssdm name="zext_ln29"/></StgValue>
</operation>

<operation id="94" st_id="5" stage="1" lat="1">
<core>Cmp</core>
<MemPortIdVec></MemPortIdVec>
<condition id="-1">
<or_exp><and_exp></and_exp></or_exp>
</condition>

<Node id="92" bw="1" op_0_bw="7" op_1_bw="7">
<![CDATA[
.loopexit:2  %icmp_ln29 = icmp eq i7 %j_1, -28

]]></Node>
<StgValue><ssdm name="icmp_ln29"/></StgValue>
</operation>

<operation id="95" st_id="5" stage="1" lat="1">
<core>NULL</core>
<MemPortIdVec></MemPortIdVec>
<condition id="-1">
<or_exp><and_exp></and_exp></or_exp>
</condition>

<Node id="93" bw="32" op_0_bw="32" op_1_bw="64" op_2_bw="64" op_3_bw="64">
<![CDATA[
.loopexit:3  %empty_7 = call i32 (...)* @_ssdm_op_SpecLoopTripCount(i64 100, i64 100, i64 100) nounwind

]]></Node>
<StgValue><ssdm name="empty_7"/></StgValue>
</operation>

<operation id="96" st_id="5" stage="1" lat="1">
<core>AddSub</core>
<MemPortIdVec></MemPortIdVec>
<condition id="-1">
<or_exp><and_exp></and_exp></or_exp>
</condition>

<Node id="94" bw="7" op_0_bw="7" op_1_bw="7">
<![CDATA[
.loopexit:4  %j = add i7 %j_1, 1

]]></Node>
<StgValue><ssdm name="j"/></StgValue>
</operation>

<operation id="97" st_id="5" stage="1" lat="1">
<core>NULL</core>
<MemPortIdVec></MemPortIdVec>
<condition id="-1">
<or_exp><and_exp></and_exp></or_exp>
</condition>

<Node id="95" bw="0" op_0_bw="1" op_1_bw="0" op_2_bw="0">
<![CDATA[
.loopexit:5  br i1 %icmp_ln29, label %loop_add_end, label %.preheader4.preheader

]]></Node>
<StgValue><ssdm name="br_ln29"/></StgValue>
</operation>

<operation id="98" st_id="5" stage="1" lat="1">
<core>Cmp</core>
<MemPortIdVec></MemPortIdVec>
<condition id="-1">
<or_exp><and_exp><literal name="icmp_ln29" val="0"/>
</and_exp></or_exp>
</condition>

<Node id="97" bw="1" op_0_bw="32" op_1_bw="32">
<![CDATA[
.preheader4.preheader:0  %icmp_ln35_1 = icmp slt i32 %zext_ln29, %nC_read

]]></Node>
<StgValue><ssdm name="icmp_ln35_1"/></StgValue>
</operation>

<operation id="99" st_id="5" stage="1" lat="1">
<core>LogicGate</core>
<MemPortIdVec></MemPortIdVec>
<condition id="-1">
<or_exp><and_exp><literal name="icmp_ln29" val="0"/>
</and_exp></or_exp>
</condition>

<Node id="98" bw="1" op_0_bw="1" op_1_bw="1">
<![CDATA[
.preheader4.preheader:1  %and_ln35 = and i1 %icmp_ln35, %icmp_ln35_1

]]></Node>
<StgValue><ssdm name="and_ln35"/></StgValue>
</operation>

<operation id="100" st_id="5" stage="1" lat="1">
<core>NULL</core>
<MemPortIdVec></MemPortIdVec>
<condition id="-1">
<or_exp><and_exp><literal name="icmp_ln29" val="0"/>
</and_exp></or_exp>
</condition>

<Node id="99" bw="14" op_0_bw="7">
<![CDATA[
.preheader4.preheader:2  %zext_ln36 = zext i7 %j_1 to i14

]]></Node>
<StgValue><ssdm name="zext_ln36"/></StgValue>
</operation>

<operation id="101" st_id="5" stage="1" lat="1">
<core>AddSub</core>
<MemPortIdVec></MemPortIdVec>
<condition id="-1">
<or_exp><and_exp><literal name="icmp_ln29" val="0"/>
</and_exp></or_exp>
</condition>

<Node id="100" bw="14" op_0_bw="14" op_1_bw="14">
<![CDATA[
.preheader4.preheader:3  %add_ln36_4 = add i14 %phi_mul1, %zext_ln36

]]></Node>
<StgValue><ssdm name="add_ln36_4"/></StgValue>
</operation>

<operation id="102" st_id="5" stage="1" lat="1">
<core>NULL</core>
<MemPortIdVec></MemPortIdVec>
<condition id="-1">
<or_exp><and_exp><literal name="icmp_ln29" val="0"/>
</and_exp></or_exp>
</condition>

<Node id="101" bw="64" op_0_bw="14">
<![CDATA[
.preheader4.preheader:4  %zext_ln36_1 = zext i14 %add_ln36_4 to i64

]]></Node>
<StgValue><ssdm name="zext_ln36_1"/></StgValue>
</operation>

<operation id="103" st_id="5" stage="1" lat="1">
<core>NULL</core>
<MemPortIdVec></MemPortIdVec>
<condition id="-1">
<or_exp><and_exp><literal name="icmp_ln29" val="0"/>
</and_exp></or_exp>
</condition>

<Node id="102" bw="14" op_0_bw="32" op_1_bw="64" op_2_bw="64">
<![CDATA[
.preheader4.preheader:5  %arrayC_addr_1 = getelementptr [10000 x i32]* %arrayC, i64 0, i64 %zext_ln36_1

]]></Node>
<StgValue><ssdm name="arrayC_addr_1"/></StgValue>
</operation>

<operation id="104" st_id="5" stage="1" lat="1">
<core>NULL</core>
<MemPortIdVec></MemPortIdVec>
<condition id="-1">
<or_exp><and_exp><literal name="icmp_ln29" val="0"/>
</and_exp></or_exp>
</condition>

<Node id="103" bw="0" op_0_bw="0">
<![CDATA[
.preheader4.preheader:6  br label %.preheader4.0

]]></Node>
<StgValue><ssdm name="br_ln31"/></StgValue>
</operation>

<operation id="105" st_id="5" stage="1" lat="1">
<core>NULL</core>
<MemPortIdVec></MemPortIdVec>
<condition id="-1">
<or_exp><and_exp><literal name="icmp_ln29" val="1"/>
</and_exp></or_exp>
</condition>

<Node id="206" bw="32" op_0_bw="32" op_1_bw="0" op_2_bw="32">
<![CDATA[
loop_add_end:0  %empty_9 = call i32 (...)* @_ssdm_op_SpecRegionEnd([9 x i8]* @p_str3, i32 %tmp_1) nounwind

]]></Node>
<StgValue><ssdm name="empty_9"/></StgValue>
</operation>

<operation id="106" st_id="5" stage="1" lat="1">
<core>NULL</core>
<MemPortIdVec></MemPortIdVec>
<condition id="-1">
<or_exp><and_exp><literal name="icmp_ln29" val="1"/>
</and_exp></or_exp>
</condition>

<Node id="207" bw="0" op_0_bw="0">
<![CDATA[
loop_add_end:1  br label %.preheader5

]]></Node>
<StgValue><ssdm name="br_ln27"/></StgValue>
</operation>
</state>

<state id="6" st_id="6">

<operation id="107" st_id="6" stage="1" lat="1">
<core>NULL</core>
<MemPortIdVec></MemPortIdVec>
<condition id="-1">
<or_exp><and_exp></and_exp></or_exp>
</condition>

<Node id="105" bw="7" op_0_bw="7" op_1_bw="0" op_2_bw="7" op_3_bw="0">
<![CDATA[
.preheader4.0:0  %k_0_0 = phi i7 [ %add_ln31, %._crit_edge6.3 ], [ 0, %.preheader4.preheader ]

]]></Node>
<StgValue><ssdm name="k_0_0"/></StgValue>
</operation>

<operation id="108" st_id="6" stage="1" lat="1">
<core>NULL</core>
<MemPortIdVec></MemPortIdVec>
<condition id="-1">
<or_exp><and_exp></and_exp></or_exp>
</condition>

<Node id="106" bw="32" op_0_bw="7">
<![CDATA[
.preheader4.0:1  %k_0_0_cast = zext i7 %k_0_0 to i32

]]></Node>
<StgValue><ssdm name="k_0_0_cast"/></StgValue>
</operation>

<operation id="109" st_id="6" stage="1" lat="1">
<core>NULL</core>
<MemPortIdVec></MemPortIdVec>
<condition id="-1">
<or_exp><and_exp></and_exp></or_exp>
</condition>

<Node id="107" bw="32" op_0_bw="32" op_1_bw="64" op_2_bw="64" op_3_bw="64">
<![CDATA[
.preheader4.0:2  %empty_8 = call i32 (...)* @_ssdm_op_SpecLoopTripCount(i64 25, i64 25, i64 25) nounwind

]]></Node>
<StgValue><ssdm name="empty_8"/></StgValue>
</operation>

<operation id="110" st_id="6" stage="1" lat="1">
<core>Cmp</core>
<MemPortIdVec></MemPortIdVec>
<condition id="-1">
<or_exp><and_exp></and_exp></or_exp>
</condition>

<Node id="108" bw="1" op_0_bw="7" op_1_bw="7">
<![CDATA[
.preheader4.0:3  %icmp_ln31 = icmp eq i7 %k_0_0, -28

]]></Node>
<StgValue><ssdm name="icmp_ln31"/></StgValue>
</operation>

<operation id="111" st_id="6" stage="1" lat="1">
<core>NULL</core>
<MemPortIdVec></MemPortIdVec>
<condition id="-1">
<or_exp><and_exp></and_exp></or_exp>
</condition>

<Node id="109" bw="0" op_0_bw="1" op_1_bw="0" op_2_bw="0">
<![CDATA[
.preheader4.0:4  br i1 %icmp_ln31, label %.loopexit.loopexit, label %5

]]></Node>
<StgValue><ssdm name="br_ln31"/></StgValue>
</operation>

<operation id="112" st_id="6" stage="1" lat="1">
<core>Cmp</core>
<MemPortIdVec></MemPortIdVec>
<condition id="-1">
<or_exp><and_exp><literal name="icmp_ln31" val="0"/>
</and_exp></or_exp>
</condition>

<Node id="111" bw="1" op_0_bw="32" op_1_bw="32">
<![CDATA[
:0  %icmp_ln35_2 = icmp slt i32 %k_0_0_cast, %nA_read

]]></Node>
<StgValue><ssdm name="icmp_ln35_2"/></StgValue>
</operation>

<operation id="113" st_id="6" stage="1" lat="1">
<core>LogicGate</core>
<MemPortIdVec></MemPortIdVec>
<condition id="-1">
<or_exp><and_exp><literal name="icmp_ln31" val="0"/>
</and_exp></or_exp>
</condition>

<Node id="112" bw="1" op_0_bw="1" op_1_bw="1">
<![CDATA[
:1  %and_ln35_1 = and i1 %and_ln35, %icmp_ln35_2

]]></Node>
<StgValue><ssdm name="and_ln35_1"/></StgValue>
</operation>

<operation id="114" st_id="6" stage="1" lat="1">
<core>NULL</core>
<MemPortIdVec></MemPortIdVec>
<condition id="-1">
<or_exp><and_exp><literal name="icmp_ln31" val="0"/>
</and_exp></or_exp>
</condition>

<Node id="113" bw="0" op_0_bw="1" op_1_bw="0" op_2_bw="0">
<![CDATA[
:2  br i1 %and_ln35_1, label %6, label %._crit_edge6.0

]]></Node>
<StgValue><ssdm name="br_ln35"/></StgValue>
</operation>

<operation id="115" st_id="6" stage="1" lat="1">
<core>NULL</core>
<MemPortIdVec></MemPortIdVec>
<condition id="-1">
<or_exp><and_exp><literal name="icmp_ln31" val="0"/>
<literal name="and_ln35_1" val="1"/>
</and_exp></or_exp>
</condition>

<Node id="115" bw="14" op_0_bw="7">
<![CDATA[
:0  %zext_ln36_2 = zext i7 %k_0_0 to i14

]]></Node>
<StgValue><ssdm name="zext_ln36_2"/></StgValue>
</operation>

<operation id="116" st_id="6" stage="1" lat="1">
<core>NULL</core>
<MemPortIdVec></MemPortIdVec>
<condition id="-1">
<or_exp><and_exp><literal name="icmp_ln31" val="0"/>
<literal name="and_ln35_1" val="1"/>
</and_exp></or_exp>
</condition>

<Node id="116" bw="14" op_0_bw="7">
<![CDATA[
:1  %zext_ln36_3 = zext i7 %k_0_0 to i14

]]></Node>
<StgValue><ssdm name="zext_ln36_3"/></StgValue>
</operation>

<operation id="117" st_id="6" stage="1" lat="1">
<core>AddSub</core>
<MemPortIdVec></MemPortIdVec>
<condition id="-1">
<or_exp><and_exp><literal name="icmp_ln31" val="0"/>
<literal name="and_ln35_1" val="1"/>
</and_exp></or_exp>
</condition>

<Node id="117" bw="14" op_0_bw="14" op_1_bw="14">
<![CDATA[
:2  %add_ln36_5 = add i14 %phi_mul1, %zext_ln36_3

]]></Node>
<StgValue><ssdm name="add_ln36_5"/></StgValue>
</operation>

<operation id="118" st_id="6" stage="1" lat="1">
<core>NULL</core>
<MemPortIdVec></MemPortIdVec>
<condition id="-1">
<or_exp><and_exp><literal name="icmp_ln31" val="0"/>
<literal name="and_ln35_1" val="1"/>
</and_exp></or_exp>
</condition>

<Node id="118" bw="64" op_0_bw="14">
<![CDATA[
:3  %zext_ln36_4 = zext i14 %add_ln36_5 to i64

]]></Node>
<StgValue><ssdm name="zext_ln36_4"/></StgValue>
</operation>

<operation id="119" st_id="6" stage="1" lat="1">
<core>NULL</core>
<MemPortIdVec></MemPortIdVec>
<condition id="-1">
<or_exp><and_exp><literal name="icmp_ln31" val="0"/>
<literal name="and_ln35_1" val="1"/>
</and_exp></or_exp>
</condition>

<Node id="119" bw="14" op_0_bw="32" op_1_bw="64" op_2_bw="64">
<![CDATA[
:4  %arrayA_addr_1 = getelementptr [10000 x i32]* %arrayA, i64 0, i64 %zext_ln36_4

]]></Node>
<StgValue><ssdm name="arrayA_addr_1"/></StgValue>
</operation>

<operation id="120" st_id="6" stage="1" lat="1">
<core>DSP48</core>
<MemPortIdVec></MemPortIdVec>
<condition id="-1">
<or_exp><and_exp><literal name="icmp_ln31" val="0"/>
<literal name="and_ln35_1" val="1"/>
</and_exp></or_exp>
</condition>

<Node id="120" bw="14" op_0_bw="14" op_1_bw="14">
<![CDATA[
:5  %mul_ln36_4 = mul i14 %zext_ln36_2, 100

]]></Node>
<StgValue><ssdm name="mul_ln36_4"/></StgValue>
</operation>

<operation id="121" st_id="6" stage="1" lat="1">
<core>DSP48</core>
<MemPortIdVec></MemPortIdVec>
<condition id="-1">
<or_exp><and_exp><literal name="icmp_ln31" val="0"/>
<literal name="and_ln35_1" val="1"/>
</and_exp></or_exp>
</condition>

<Node id="121" bw="14" op_0_bw="14" op_1_bw="14">
<![CDATA[
:6  %add_ln36_6 = add i14 %mul_ln36_4, %zext_ln36

]]></Node>
<StgValue><ssdm name="add_ln36_6"/></StgValue>
</operation>

<operation id="122" st_id="6" stage="1" lat="1">
<core>NULL</core>
<MemPortIdVec></MemPortIdVec>
<condition id="-1">
<or_exp><and_exp><literal name="icmp_ln31" val="0"/>
<literal name="and_ln35_1" val="1"/>
</and_exp></or_exp>
</condition>

<Node id="122" bw="64" op_0_bw="14">
<![CDATA[
:7  %zext_ln36_5 = zext i14 %add_ln36_6 to i64

]]></Node>
<StgValue><ssdm name="zext_ln36_5"/></StgValue>
</operation>

<operation id="123" st_id="6" stage="1" lat="1">
<core>NULL</core>
<MemPortIdVec></MemPortIdVec>
<condition id="-1">
<or_exp><and_exp><literal name="icmp_ln31" val="0"/>
<literal name="and_ln35_1" val="1"/>
</and_exp></or_exp>
</condition>

<Node id="123" bw="14" op_0_bw="32" op_1_bw="64" op_2_bw="64">
<![CDATA[
:8  %arrayB_addr_1 = getelementptr [10000 x i32]* %arrayB, i64 0, i64 %zext_ln36_5

]]></Node>
<StgValue><ssdm name="arrayB_addr_1"/></StgValue>
</operation>

<operation id="124" st_id="6" stage="2" lat="2">
<core>RAM</core>
<MemPortIdVec></MemPortIdVec>
<condition id="-1">
<or_exp><and_exp><literal name="icmp_ln31" val="0"/>
<literal name="and_ln35_1" val="1"/>
</and_exp></or_exp>
</condition>

<Node id="124" bw="32" op_0_bw="14">
<![CDATA[
:9  %arrayA_load = load i32* %arrayA_addr_1, align 16

]]></Node>
<StgValue><ssdm name="arrayA_load"/></StgValue>
</operation>

<operation id="125" st_id="6" stage="2" lat="2">
<core>RAM</core>
<MemPortIdVec></MemPortIdVec>
<condition id="-1">
<or_exp><and_exp><literal name="icmp_ln31" val="0"/>
<literal name="and_ln35_1" val="1"/>
</and_exp></or_exp>
</condition>

<Node id="125" bw="32" op_0_bw="14">
<![CDATA[
:10  %arrayB_load = load i32* %arrayB_addr_1, align 4

]]></Node>
<StgValue><ssdm name="arrayB_load"/></StgValue>
</operation>

<operation id="126" st_id="6" stage="1" lat="1">
<core>NULL</core>
<MemPortIdVec></MemPortIdVec>
<condition id="-1">
<or_exp><and_exp><literal name="icmp_ln31" val="1"/>
</and_exp></or_exp>
</condition>

<Node id="204" bw="0" op_0_bw="0">
<![CDATA[
.loopexit.loopexit:0  br label %.loopexit

]]></Node>
<StgValue><ssdm name="br_ln0"/></StgValue>
</operation>
</state>

<state id="7" st_id="7">

<operation id="127" st_id="7" stage="1" lat="2">
<core>RAM</core>
<MemPortIdVec></MemPortIdVec>
<condition id="-1">
<or_exp><and_exp></and_exp></or_exp>
</condition>

<Node id="124" bw="32" op_0_bw="14">
<![CDATA[
:9  %arrayA_load = load i32* %arrayA_addr_1, align 16

]]></Node>
<StgValue><ssdm name="arrayA_load"/></StgValue>
</operation>

<operation id="128" st_id="7" stage="1" lat="2">
<core>RAM</core>
<MemPortIdVec></MemPortIdVec>
<condition id="-1">
<or_exp><and_exp></and_exp></or_exp>
</condition>

<Node id="125" bw="32" op_0_bw="14">
<![CDATA[
:10  %arrayB_load = load i32* %arrayB_addr_1, align 4

]]></Node>
<StgValue><ssdm name="arrayB_load"/></StgValue>
</operation>

<operation id="129" st_id="7" stage="2" lat="2">
<core>RAM</core>
<MemPortIdVec></MemPortIdVec>
<condition id="-1">
<or_exp><and_exp></and_exp></or_exp>
</condition>

<Node id="127" bw="32" op_0_bw="14">
<![CDATA[
:12  %arrayC_load_1 = load i32* %arrayC_addr_1, align 4

]]></Node>
<StgValue><ssdm name="arrayC_load_1"/></StgValue>
</operation>
</state>

<state id="8" st_id="8">

<operation id="130" st_id="8" stage="1" lat="1">
<core>Mul</core>
<MemPortIdVec></MemPortIdVec>
<condition id="-1">
<or_exp><and_exp></and_exp></or_exp>
</condition>

<Node id="126" bw="32" op_0_bw="32" op_1_bw="32">
<![CDATA[
:11  %mul_ln36 = mul nsw i32 %arrayB_load, %arrayA_load

]]></Node>
<StgValue><ssdm name="mul_ln36"/></StgValue>
</operation>

<operation id="131" st_id="8" stage="1" lat="2">
<core>RAM</core>
<MemPortIdVec></MemPortIdVec>
<condition id="-1">
<or_exp><and_exp></and_exp></or_exp>
</condition>

<Node id="127" bw="32" op_0_bw="14">
<![CDATA[
:12  %arrayC_load_1 = load i32* %arrayC_addr_1, align 4

]]></Node>
<StgValue><ssdm name="arrayC_load_1"/></StgValue>
</operation>
</state>

<state id="9" st_id="9">

<operation id="132" st_id="9" stage="1" lat="1">
<core>AddSub</core>
<MemPortIdVec></MemPortIdVec>
<condition id="-1">
<or_exp><and_exp><literal name="and_ln35_1" val="1"/>
</and_exp></or_exp>
</condition>

<Node id="128" bw="32" op_0_bw="32" op_1_bw="32">
<![CDATA[
:13  %add_ln36 = add nsw i32 %mul_ln36, %arrayC_load_1

]]></Node>
<StgValue><ssdm name="add_ln36"/></StgValue>
</operation>

<operation id="133" st_id="9" stage="1" lat="1">
<core>RAM</core>
<MemPortIdVec></MemPortIdVec>
<condition id="-1">
<or_exp><and_exp><literal name="and_ln35_1" val="1"/>
</and_exp></or_exp>
</condition>

<Node id="129" bw="0" op_0_bw="32" op_1_bw="14" op_2_bw="32">
<![CDATA[
:14  store i32 %add_ln36, i32* %arrayC_addr_1, align 4

]]></Node>
<StgValue><ssdm name="store_ln36"/></StgValue>
</operation>

<operation id="134" st_id="9" stage="1" lat="1">
<core>NULL</core>
<MemPortIdVec></MemPortIdVec>
<condition id="-1">
<or_exp><and_exp><literal name="and_ln35_1" val="1"/>
</and_exp></or_exp>
</condition>

<Node id="130" bw="0" op_0_bw="0">
<![CDATA[
:15  br label %._crit_edge6.0

]]></Node>
<StgValue><ssdm name="br_ln36"/></StgValue>
</operation>

<operation id="135" st_id="9" stage="1" lat="1">
<core>NULL</core>
<MemPortIdVec></MemPortIdVec>
<condition id="-1">
<or_exp><and_exp></and_exp></or_exp>
</condition>

<Node id="132" bw="7" op_0_bw="7" op_1_bw="7">
<![CDATA[
._crit_edge6.0:0  %or_ln31 = or i7 %k_0_0, 1

]]></Node>
<StgValue><ssdm name="or_ln31"/></StgValue>
</operation>

<operation id="136" st_id="9" stage="1" lat="1">
<core>NULL</core>
<MemPortIdVec></MemPortIdVec>
<condition id="-1">
<or_exp><and_exp></and_exp></or_exp>
</condition>

<Node id="133" bw="32" op_0_bw="7">
<![CDATA[
._crit_edge6.0:1  %zext_ln31 = zext i7 %or_ln31 to i32

]]></Node>
<StgValue><ssdm name="zext_ln31"/></StgValue>
</operation>

<operation id="137" st_id="9" stage="1" lat="1">
<core>Cmp</core>
<MemPortIdVec></MemPortIdVec>
<condition id="-1">
<or_exp><and_exp></and_exp></or_exp>
</condition>

<Node id="134" bw="1" op_0_bw="32" op_1_bw="32">
<![CDATA[
._crit_edge6.0:2  %icmp_ln35_3 = icmp slt i32 %zext_ln31, %nA_read

]]></Node>
<StgValue><ssdm name="icmp_ln35_3"/></StgValue>
</operation>

<operation id="138" st_id="9" stage="1" lat="1">
<core>LogicGate</core>
<MemPortIdVec></MemPortIdVec>
<condition id="-1">
<or_exp><and_exp></and_exp></or_exp>
</condition>

<Node id="135" bw="1" op_0_bw="1" op_1_bw="1">
<![CDATA[
._crit_edge6.0:3  %and_ln35_2 = and i1 %and_ln35, %icmp_ln35_3

]]></Node>
<StgValue><ssdm name="and_ln35_2"/></StgValue>
</operation>

<operation id="139" st_id="9" stage="1" lat="1">
<core>NULL</core>
<MemPortIdVec></MemPortIdVec>
<condition id="-1">
<or_exp><and_exp></and_exp></or_exp>
</condition>

<Node id="136" bw="0" op_0_bw="1" op_1_bw="0" op_2_bw="0">
<![CDATA[
._crit_edge6.0:4  br i1 %and_ln35_2, label %7, label %._crit_edge6.1

]]></Node>
<StgValue><ssdm name="br_ln35"/></StgValue>
</operation>

<operation id="140" st_id="9" stage="1" lat="1">
<core>NULL</core>
<MemPortIdVec></MemPortIdVec>
<condition id="-1">
<or_exp><and_exp><literal name="and_ln35_2" val="1"/>
</and_exp></or_exp>
</condition>

<Node id="138" bw="14" op_0_bw="7">
<![CDATA[
:0  %zext_ln36_6 = zext i7 %or_ln31 to i14

]]></Node>
<StgValue><ssdm name="zext_ln36_6"/></StgValue>
</operation>

<operation id="141" st_id="9" stage="1" lat="1">
<core>NULL</core>
<MemPortIdVec></MemPortIdVec>
<condition id="-1">
<or_exp><and_exp><literal name="and_ln35_2" val="1"/>
</and_exp></or_exp>
</condition>

<Node id="139" bw="14" op_0_bw="7">
<![CDATA[
:1  %zext_ln36_7 = zext i7 %or_ln31 to i14

]]></Node>
<StgValue><ssdm name="zext_ln36_7"/></StgValue>
</operation>

<operation id="142" st_id="9" stage="1" lat="1">
<core>AddSub</core>
<MemPortIdVec></MemPortIdVec>
<condition id="-1">
<or_exp><and_exp><literal name="and_ln35_2" val="1"/>
</and_exp></or_exp>
</condition>

<Node id="140" bw="14" op_0_bw="14" op_1_bw="14">
<![CDATA[
:2  %add_ln36_7 = add i14 %phi_mul1, %zext_ln36_7

]]></Node>
<StgValue><ssdm name="add_ln36_7"/></StgValue>
</operation>

<operation id="143" st_id="9" stage="1" lat="1">
<core>NULL</core>
<MemPortIdVec></MemPortIdVec>
<condition id="-1">
<or_exp><and_exp><literal name="and_ln35_2" val="1"/>
</and_exp></or_exp>
</condition>

<Node id="141" bw="64" op_0_bw="14">
<![CDATA[
:3  %zext_ln36_8 = zext i14 %add_ln36_7 to i64

]]></Node>
<StgValue><ssdm name="zext_ln36_8"/></StgValue>
</operation>

<operation id="144" st_id="9" stage="1" lat="1">
<core>NULL</core>
<MemPortIdVec></MemPortIdVec>
<condition id="-1">
<or_exp><and_exp><literal name="and_ln35_2" val="1"/>
</and_exp></or_exp>
</condition>

<Node id="142" bw="14" op_0_bw="32" op_1_bw="64" op_2_bw="64">
<![CDATA[
:4  %arrayA_addr_2 = getelementptr [10000 x i32]* %arrayA, i64 0, i64 %zext_ln36_8

]]></Node>
<StgValue><ssdm name="arrayA_addr_2"/></StgValue>
</operation>

<operation id="145" st_id="9" stage="1" lat="1">
<core>DSP48</core>
<MemPortIdVec></MemPortIdVec>
<condition id="-1">
<or_exp><and_exp><literal name="and_ln35_2" val="1"/>
</and_exp></or_exp>
</condition>

<Node id="143" bw="14" op_0_bw="14" op_1_bw="14">
<![CDATA[
:5  %mul_ln36_5 = mul i14 %zext_ln36_6, 100

]]></Node>
<StgValue><ssdm name="mul_ln36_5"/></StgValue>
</operation>

<operation id="146" st_id="9" stage="1" lat="1">
<core>DSP48</core>
<MemPortIdVec></MemPortIdVec>
<condition id="-1">
<or_exp><and_exp><literal name="and_ln35_2" val="1"/>
</and_exp></or_exp>
</condition>

<Node id="144" bw="14" op_0_bw="14" op_1_bw="14">
<![CDATA[
:6  %add_ln36_8 = add i14 %mul_ln36_5, %zext_ln36

]]></Node>
<StgValue><ssdm name="add_ln36_8"/></StgValue>
</operation>

<operation id="147" st_id="9" stage="1" lat="1">
<core>NULL</core>
<MemPortIdVec></MemPortIdVec>
<condition id="-1">
<or_exp><and_exp><literal name="and_ln35_2" val="1"/>
</and_exp></or_exp>
</condition>

<Node id="145" bw="64" op_0_bw="14">
<![CDATA[
:7  %zext_ln36_9 = zext i14 %add_ln36_8 to i64

]]></Node>
<StgValue><ssdm name="zext_ln36_9"/></StgValue>
</operation>

<operation id="148" st_id="9" stage="1" lat="1">
<core>NULL</core>
<MemPortIdVec></MemPortIdVec>
<condition id="-1">
<or_exp><and_exp><literal name="and_ln35_2" val="1"/>
</and_exp></or_exp>
</condition>

<Node id="146" bw="14" op_0_bw="32" op_1_bw="64" op_2_bw="64">
<![CDATA[
:8  %arrayB_addr_2 = getelementptr [10000 x i32]* %arrayB, i64 0, i64 %zext_ln36_9

]]></Node>
<StgValue><ssdm name="arrayB_addr_2"/></StgValue>
</operation>

<operation id="149" st_id="9" stage="2" lat="2">
<core>RAM</core>
<MemPortIdVec></MemPortIdVec>
<condition id="-1">
<or_exp><and_exp><literal name="and_ln35_2" val="1"/>
</and_exp></or_exp>
</condition>

<Node id="147" bw="32" op_0_bw="14">
<![CDATA[
:9  %arrayA_load_1 = load i32* %arrayA_addr_2, align 4

]]></Node>
<StgValue><ssdm name="arrayA_load_1"/></StgValue>
</operation>

<operation id="150" st_id="9" stage="2" lat="2">
<core>RAM</core>
<MemPortIdVec></MemPortIdVec>
<condition id="-1">
<or_exp><and_exp><literal name="and_ln35_2" val="1"/>
</and_exp></or_exp>
</condition>

<Node id="148" bw="32" op_0_bw="14">
<![CDATA[
:10  %arrayB_load_1 = load i32* %arrayB_addr_2, align 4

]]></Node>
<StgValue><ssdm name="arrayB_load_1"/></StgValue>
</operation>
</state>

<state id="10" st_id="10">

<operation id="151" st_id="10" stage="1" lat="2">
<core>RAM</core>
<MemPortIdVec></MemPortIdVec>
<condition id="-1">
<or_exp><and_exp></and_exp></or_exp>
</condition>

<Node id="147" bw="32" op_0_bw="14">
<![CDATA[
:9  %arrayA_load_1 = load i32* %arrayA_addr_2, align 4

]]></Node>
<StgValue><ssdm name="arrayA_load_1"/></StgValue>
</operation>

<operation id="152" st_id="10" stage="1" lat="2">
<core>RAM</core>
<MemPortIdVec></MemPortIdVec>
<condition id="-1">
<or_exp><and_exp></and_exp></or_exp>
</condition>

<Node id="148" bw="32" op_0_bw="14">
<![CDATA[
:10  %arrayB_load_1 = load i32* %arrayB_addr_2, align 4

]]></Node>
<StgValue><ssdm name="arrayB_load_1"/></StgValue>
</operation>

<operation id="153" st_id="10" stage="2" lat="2">
<core>RAM</core>
<MemPortIdVec></MemPortIdVec>
<condition id="-1">
<or_exp><and_exp></and_exp></or_exp>
</condition>

<Node id="150" bw="32" op_0_bw="14" op_1_bw="0">
<![CDATA[
:12  %arrayC_load_2 = load i32* %arrayC_addr_1, align 4

]]></Node>
<StgValue><ssdm name="arrayC_load_2"/></StgValue>
</operation>
</state>

<state id="11" st_id="11">

<operation id="154" st_id="11" stage="1" lat="1">
<core>Mul</core>
<MemPortIdVec></MemPortIdVec>
<condition id="-1">
<or_exp><and_exp></and_exp></or_exp>
</condition>

<Node id="149" bw="32" op_0_bw="32" op_1_bw="32">
<![CDATA[
:11  %mul_ln36_1 = mul nsw i32 %arrayB_load_1, %arrayA_load_1

]]></Node>
<StgValue><ssdm name="mul_ln36_1"/></StgValue>
</operation>

<operation id="155" st_id="11" stage="1" lat="2">
<core>RAM</core>
<MemPortIdVec></MemPortIdVec>
<condition id="-1">
<or_exp><and_exp></and_exp></or_exp>
</condition>

<Node id="150" bw="32" op_0_bw="14" op_1_bw="0">
<![CDATA[
:12  %arrayC_load_2 = load i32* %arrayC_addr_1, align 4

]]></Node>
<StgValue><ssdm name="arrayC_load_2"/></StgValue>
</operation>
</state>

<state id="12" st_id="12">

<operation id="156" st_id="12" stage="1" lat="1">
<core>AddSub</core>
<MemPortIdVec></MemPortIdVec>
<condition id="-1">
<or_exp><and_exp><literal name="and_ln35_2" val="1"/>
</and_exp></or_exp>
</condition>

<Node id="151" bw="32" op_0_bw="32" op_1_bw="32">
<![CDATA[
:13  %add_ln36_1 = add nsw i32 %mul_ln36_1, %arrayC_load_2

]]></Node>
<StgValue><ssdm name="add_ln36_1"/></StgValue>
</operation>

<operation id="157" st_id="12" stage="1" lat="1">
<core>RAM</core>
<MemPortIdVec></MemPortIdVec>
<condition id="-1">
<or_exp><and_exp><literal name="and_ln35_2" val="1"/>
</and_exp></or_exp>
</condition>

<Node id="152" bw="0" op_0_bw="32" op_1_bw="14" op_2_bw="32" op_3_bw="32">
<![CDATA[
:14  store i32 %add_ln36_1, i32* %arrayC_addr_1, align 4

]]></Node>
<StgValue><ssdm name="store_ln36"/></StgValue>
</operation>

<operation id="158" st_id="12" stage="1" lat="1">
<core>NULL</core>
<MemPortIdVec></MemPortIdVec>
<condition id="-1">
<or_exp><and_exp><literal name="and_ln35_2" val="1"/>
</and_exp></or_exp>
</condition>

<Node id="153" bw="0" op_0_bw="0">
<![CDATA[
:15  br label %._crit_edge6.1

]]></Node>
<StgValue><ssdm name="br_ln36"/></StgValue>
</operation>

<operation id="159" st_id="12" stage="1" lat="1">
<core>NULL</core>
<MemPortIdVec></MemPortIdVec>
<condition id="-1">
<or_exp><and_exp></and_exp></or_exp>
</condition>

<Node id="155" bw="7" op_0_bw="7" op_1_bw="7">
<![CDATA[
._crit_edge6.1:0  %or_ln31_1 = or i7 %k_0_0, 2

]]></Node>
<StgValue><ssdm name="or_ln31_1"/></StgValue>
</operation>

<operation id="160" st_id="12" stage="1" lat="1">
<core>NULL</core>
<MemPortIdVec></MemPortIdVec>
<condition id="-1">
<or_exp><and_exp></and_exp></or_exp>
</condition>

<Node id="156" bw="32" op_0_bw="7">
<![CDATA[
._crit_edge6.1:1  %zext_ln31_1 = zext i7 %or_ln31_1 to i32

]]></Node>
<StgValue><ssdm name="zext_ln31_1"/></StgValue>
</operation>

<operation id="161" st_id="12" stage="1" lat="1">
<core>Cmp</core>
<MemPortIdVec></MemPortIdVec>
<condition id="-1">
<or_exp><and_exp></and_exp></or_exp>
</condition>

<Node id="157" bw="1" op_0_bw="32" op_1_bw="32">
<![CDATA[
._crit_edge6.1:2  %icmp_ln35_4 = icmp slt i32 %zext_ln31_1, %nA_read

]]></Node>
<StgValue><ssdm name="icmp_ln35_4"/></StgValue>
</operation>

<operation id="162" st_id="12" stage="1" lat="1">
<core>LogicGate</core>
<MemPortIdVec></MemPortIdVec>
<condition id="-1">
<or_exp><and_exp></and_exp></or_exp>
</condition>

<Node id="158" bw="1" op_0_bw="1" op_1_bw="1">
<![CDATA[
._crit_edge6.1:3  %and_ln35_3 = and i1 %and_ln35, %icmp_ln35_4

]]></Node>
<StgValue><ssdm name="and_ln35_3"/></StgValue>
</operation>

<operation id="163" st_id="12" stage="1" lat="1">
<core>NULL</core>
<MemPortIdVec></MemPortIdVec>
<condition id="-1">
<or_exp><and_exp></and_exp></or_exp>
</condition>

<Node id="159" bw="0" op_0_bw="1" op_1_bw="0" op_2_bw="0">
<![CDATA[
._crit_edge6.1:4  br i1 %and_ln35_3, label %8, label %._crit_edge6.2

]]></Node>
<StgValue><ssdm name="br_ln35"/></StgValue>
</operation>

<operation id="164" st_id="12" stage="1" lat="1">
<core>NULL</core>
<MemPortIdVec></MemPortIdVec>
<condition id="-1">
<or_exp><and_exp><literal name="and_ln35_3" val="1"/>
</and_exp></or_exp>
</condition>

<Node id="161" bw="14" op_0_bw="7">
<![CDATA[
:0  %zext_ln36_10 = zext i7 %or_ln31_1 to i14

]]></Node>
<StgValue><ssdm name="zext_ln36_10"/></StgValue>
</operation>

<operation id="165" st_id="12" stage="1" lat="1">
<core>NULL</core>
<MemPortIdVec></MemPortIdVec>
<condition id="-1">
<or_exp><and_exp><literal name="and_ln35_3" val="1"/>
</and_exp></or_exp>
</condition>

<Node id="162" bw="14" op_0_bw="7">
<![CDATA[
:1  %zext_ln36_11 = zext i7 %or_ln31_1 to i14

]]></Node>
<StgValue><ssdm name="zext_ln36_11"/></StgValue>
</operation>

<operation id="166" st_id="12" stage="1" lat="1">
<core>AddSub</core>
<MemPortIdVec></MemPortIdVec>
<condition id="-1">
<or_exp><and_exp><literal name="and_ln35_3" val="1"/>
</and_exp></or_exp>
</condition>

<Node id="163" bw="14" op_0_bw="14" op_1_bw="14">
<![CDATA[
:2  %add_ln36_9 = add i14 %phi_mul1, %zext_ln36_11

]]></Node>
<StgValue><ssdm name="add_ln36_9"/></StgValue>
</operation>

<operation id="167" st_id="12" stage="1" lat="1">
<core>NULL</core>
<MemPortIdVec></MemPortIdVec>
<condition id="-1">
<or_exp><and_exp><literal name="and_ln35_3" val="1"/>
</and_exp></or_exp>
</condition>

<Node id="164" bw="64" op_0_bw="14">
<![CDATA[
:3  %zext_ln36_12 = zext i14 %add_ln36_9 to i64

]]></Node>
<StgValue><ssdm name="zext_ln36_12"/></StgValue>
</operation>

<operation id="168" st_id="12" stage="1" lat="1">
<core>NULL</core>
<MemPortIdVec></MemPortIdVec>
<condition id="-1">
<or_exp><and_exp><literal name="and_ln35_3" val="1"/>
</and_exp></or_exp>
</condition>

<Node id="165" bw="14" op_0_bw="32" op_1_bw="64" op_2_bw="64">
<![CDATA[
:4  %arrayA_addr_3 = getelementptr [10000 x i32]* %arrayA, i64 0, i64 %zext_ln36_12

]]></Node>
<StgValue><ssdm name="arrayA_addr_3"/></StgValue>
</operation>

<operation id="169" st_id="12" stage="1" lat="1">
<core>DSP48</core>
<MemPortIdVec></MemPortIdVec>
<condition id="-1">
<or_exp><and_exp><literal name="and_ln35_3" val="1"/>
</and_exp></or_exp>
</condition>

<Node id="166" bw="14" op_0_bw="14" op_1_bw="14">
<![CDATA[
:5  %mul_ln36_6 = mul i14 %zext_ln36_10, 100

]]></Node>
<StgValue><ssdm name="mul_ln36_6"/></StgValue>
</operation>

<operation id="170" st_id="12" stage="1" lat="1">
<core>DSP48</core>
<MemPortIdVec></MemPortIdVec>
<condition id="-1">
<or_exp><and_exp><literal name="and_ln35_3" val="1"/>
</and_exp></or_exp>
</condition>

<Node id="167" bw="14" op_0_bw="14" op_1_bw="14">
<![CDATA[
:6  %add_ln36_10 = add i14 %mul_ln36_6, %zext_ln36

]]></Node>
<StgValue><ssdm name="add_ln36_10"/></StgValue>
</operation>

<operation id="171" st_id="12" stage="1" lat="1">
<core>NULL</core>
<MemPortIdVec></MemPortIdVec>
<condition id="-1">
<or_exp><and_exp><literal name="and_ln35_3" val="1"/>
</and_exp></or_exp>
</condition>

<Node id="168" bw="64" op_0_bw="14">
<![CDATA[
:7  %zext_ln36_13 = zext i14 %add_ln36_10 to i64

]]></Node>
<StgValue><ssdm name="zext_ln36_13"/></StgValue>
</operation>

<operation id="172" st_id="12" stage="1" lat="1">
<core>NULL</core>
<MemPortIdVec></MemPortIdVec>
<condition id="-1">
<or_exp><and_exp><literal name="and_ln35_3" val="1"/>
</and_exp></or_exp>
</condition>

<Node id="169" bw="14" op_0_bw="32" op_1_bw="64" op_2_bw="64">
<![CDATA[
:8  %arrayB_addr_3 = getelementptr [10000 x i32]* %arrayB, i64 0, i64 %zext_ln36_13

]]></Node>
<StgValue><ssdm name="arrayB_addr_3"/></StgValue>
</operation>

<operation id="173" st_id="12" stage="2" lat="2">
<core>RAM</core>
<MemPortIdVec></MemPortIdVec>
<condition id="-1">
<or_exp><and_exp><literal name="and_ln35_3" val="1"/>
</and_exp></or_exp>
</condition>

<Node id="170" bw="32" op_0_bw="14">
<![CDATA[
:9  %arrayA_load_2 = load i32* %arrayA_addr_3, align 8

]]></Node>
<StgValue><ssdm name="arrayA_load_2"/></StgValue>
</operation>

<operation id="174" st_id="12" stage="2" lat="2">
<core>RAM</core>
<MemPortIdVec></MemPortIdVec>
<condition id="-1">
<or_exp><and_exp><literal name="and_ln35_3" val="1"/>
</and_exp></or_exp>
</condition>

<Node id="171" bw="32" op_0_bw="14">
<![CDATA[
:10  %arrayB_load_2 = load i32* %arrayB_addr_3, align 4

]]></Node>
<StgValue><ssdm name="arrayB_load_2"/></StgValue>
</operation>
</state>

<state id="13" st_id="13">

<operation id="175" st_id="13" stage="1" lat="2">
<core>RAM</core>
<MemPortIdVec></MemPortIdVec>
<condition id="-1">
<or_exp><and_exp></and_exp></or_exp>
</condition>

<Node id="170" bw="32" op_0_bw="14">
<![CDATA[
:9  %arrayA_load_2 = load i32* %arrayA_addr_3, align 8

]]></Node>
<StgValue><ssdm name="arrayA_load_2"/></StgValue>
</operation>

<operation id="176" st_id="13" stage="1" lat="2">
<core>RAM</core>
<MemPortIdVec></MemPortIdVec>
<condition id="-1">
<or_exp><and_exp></and_exp></or_exp>
</condition>

<Node id="171" bw="32" op_0_bw="14">
<![CDATA[
:10  %arrayB_load_2 = load i32* %arrayB_addr_3, align 4

]]></Node>
<StgValue><ssdm name="arrayB_load_2"/></StgValue>
</operation>

<operation id="177" st_id="13" stage="2" lat="2">
<core>RAM</core>
<MemPortIdVec></MemPortIdVec>
<condition id="-1">
<or_exp><and_exp></and_exp></or_exp>
</condition>

<Node id="173" bw="32" op_0_bw="14" op_1_bw="0" op_2_bw="0">
<![CDATA[
:12  %arrayC_load_3 = load i32* %arrayC_addr_1, align 4

]]></Node>
<StgValue><ssdm name="arrayC_load_3"/></StgValue>
</operation>
</state>

<state id="14" st_id="14">

<operation id="178" st_id="14" stage="1" lat="1">
<core>Mul</core>
<MemPortIdVec></MemPortIdVec>
<condition id="-1">
<or_exp><and_exp></and_exp></or_exp>
</condition>

<Node id="172" bw="32" op_0_bw="32" op_1_bw="32">
<![CDATA[
:11  %mul_ln36_2 = mul nsw i32 %arrayB_load_2, %arrayA_load_2

]]></Node>
<StgValue><ssdm name="mul_ln36_2"/></StgValue>
</operation>

<operation id="179" st_id="14" stage="1" lat="2">
<core>RAM</core>
<MemPortIdVec></MemPortIdVec>
<condition id="-1">
<or_exp><and_exp></and_exp></or_exp>
</condition>

<Node id="173" bw="32" op_0_bw="14" op_1_bw="0" op_2_bw="0">
<![CDATA[
:12  %arrayC_load_3 = load i32* %arrayC_addr_1, align 4

]]></Node>
<StgValue><ssdm name="arrayC_load_3"/></StgValue>
</operation>
</state>

<state id="15" st_id="15">

<operation id="180" st_id="15" stage="1" lat="1">
<core>AddSub</core>
<MemPortIdVec></MemPortIdVec>
<condition id="-1">
<or_exp><and_exp><literal name="and_ln35_3" val="1"/>
</and_exp></or_exp>
</condition>

<Node id="174" bw="32" op_0_bw="32" op_1_bw="32">
<![CDATA[
:13  %add_ln36_2 = add nsw i32 %mul_ln36_2, %arrayC_load_3

]]></Node>
<StgValue><ssdm name="add_ln36_2"/></StgValue>
</operation>

<operation id="181" st_id="15" stage="1" lat="1">
<core>RAM</core>
<MemPortIdVec></MemPortIdVec>
<condition id="-1">
<or_exp><and_exp><literal name="and_ln35_3" val="1"/>
</and_exp></or_exp>
</condition>

<Node id="175" bw="0" op_0_bw="32" op_1_bw="14" op_2_bw="32" op_3_bw="32" op_4_bw="32">
<![CDATA[
:14  store i32 %add_ln36_2, i32* %arrayC_addr_1, align 4

]]></Node>
<StgValue><ssdm name="store_ln36"/></StgValue>
</operation>

<operation id="182" st_id="15" stage="1" lat="1">
<core>NULL</core>
<MemPortIdVec></MemPortIdVec>
<condition id="-1">
<or_exp><and_exp><literal name="and_ln35_3" val="1"/>
</and_exp></or_exp>
</condition>

<Node id="176" bw="0" op_0_bw="0">
<![CDATA[
:15  br label %._crit_edge6.2

]]></Node>
<StgValue><ssdm name="br_ln36"/></StgValue>
</operation>

<operation id="183" st_id="15" stage="1" lat="1">
<core>NULL</core>
<MemPortIdVec></MemPortIdVec>
<condition id="-1">
<or_exp><and_exp></and_exp></or_exp>
</condition>

<Node id="178" bw="7" op_0_bw="7" op_1_bw="7">
<![CDATA[
._crit_edge6.2:0  %or_ln31_2 = or i7 %k_0_0, 3

]]></Node>
<StgValue><ssdm name="or_ln31_2"/></StgValue>
</operation>

<operation id="184" st_id="15" stage="1" lat="1">
<core>NULL</core>
<MemPortIdVec></MemPortIdVec>
<condition id="-1">
<or_exp><and_exp></and_exp></or_exp>
</condition>

<Node id="179" bw="32" op_0_bw="7">
<![CDATA[
._crit_edge6.2:1  %zext_ln31_2 = zext i7 %or_ln31_2 to i32

]]></Node>
<StgValue><ssdm name="zext_ln31_2"/></StgValue>
</operation>

<operation id="185" st_id="15" stage="1" lat="1">
<core>Cmp</core>
<MemPortIdVec></MemPortIdVec>
<condition id="-1">
<or_exp><and_exp></and_exp></or_exp>
</condition>

<Node id="180" bw="1" op_0_bw="32" op_1_bw="32">
<![CDATA[
._crit_edge6.2:2  %icmp_ln35_5 = icmp slt i32 %zext_ln31_2, %nA_read

]]></Node>
<StgValue><ssdm name="icmp_ln35_5"/></StgValue>
</operation>

<operation id="186" st_id="15" stage="1" lat="1">
<core>LogicGate</core>
<MemPortIdVec></MemPortIdVec>
<condition id="-1">
<or_exp><and_exp></and_exp></or_exp>
</condition>

<Node id="181" bw="1" op_0_bw="1" op_1_bw="1">
<![CDATA[
._crit_edge6.2:3  %and_ln35_4 = and i1 %and_ln35, %icmp_ln35_5

]]></Node>
<StgValue><ssdm name="and_ln35_4"/></StgValue>
</operation>

<operation id="187" st_id="15" stage="1" lat="1">
<core>NULL</core>
<MemPortIdVec></MemPortIdVec>
<condition id="-1">
<or_exp><and_exp></and_exp></or_exp>
</condition>

<Node id="182" bw="0" op_0_bw="1" op_1_bw="0" op_2_bw="0">
<![CDATA[
._crit_edge6.2:4  br i1 %and_ln35_4, label %9, label %._crit_edge6.3

]]></Node>
<StgValue><ssdm name="br_ln35"/></StgValue>
</operation>

<operation id="188" st_id="15" stage="1" lat="1">
<core>NULL</core>
<MemPortIdVec></MemPortIdVec>
<condition id="-1">
<or_exp><and_exp><literal name="and_ln35_4" val="1"/>
</and_exp></or_exp>
</condition>

<Node id="184" bw="14" op_0_bw="7">
<![CDATA[
:0  %zext_ln36_14 = zext i7 %or_ln31_2 to i14

]]></Node>
<StgValue><ssdm name="zext_ln36_14"/></StgValue>
</operation>

<operation id="189" st_id="15" stage="1" lat="1">
<core>NULL</core>
<MemPortIdVec></MemPortIdVec>
<condition id="-1">
<or_exp><and_exp><literal name="and_ln35_4" val="1"/>
</and_exp></or_exp>
</condition>

<Node id="185" bw="14" op_0_bw="7">
<![CDATA[
:1  %zext_ln36_15 = zext i7 %or_ln31_2 to i14

]]></Node>
<StgValue><ssdm name="zext_ln36_15"/></StgValue>
</operation>

<operation id="190" st_id="15" stage="1" lat="1">
<core>AddSub</core>
<MemPortIdVec></MemPortIdVec>
<condition id="-1">
<or_exp><and_exp><literal name="and_ln35_4" val="1"/>
</and_exp></or_exp>
</condition>

<Node id="186" bw="14" op_0_bw="14" op_1_bw="14">
<![CDATA[
:2  %add_ln36_11 = add i14 %phi_mul1, %zext_ln36_15

]]></Node>
<StgValue><ssdm name="add_ln36_11"/></StgValue>
</operation>

<operation id="191" st_id="15" stage="1" lat="1">
<core>NULL</core>
<MemPortIdVec></MemPortIdVec>
<condition id="-1">
<or_exp><and_exp><literal name="and_ln35_4" val="1"/>
</and_exp></or_exp>
</condition>

<Node id="187" bw="64" op_0_bw="14">
<![CDATA[
:3  %zext_ln36_16 = zext i14 %add_ln36_11 to i64

]]></Node>
<StgValue><ssdm name="zext_ln36_16"/></StgValue>
</operation>

<operation id="192" st_id="15" stage="1" lat="1">
<core>NULL</core>
<MemPortIdVec></MemPortIdVec>
<condition id="-1">
<or_exp><and_exp><literal name="and_ln35_4" val="1"/>
</and_exp></or_exp>
</condition>

<Node id="188" bw="14" op_0_bw="32" op_1_bw="64" op_2_bw="64">
<![CDATA[
:4  %arrayA_addr_4 = getelementptr [10000 x i32]* %arrayA, i64 0, i64 %zext_ln36_16

]]></Node>
<StgValue><ssdm name="arrayA_addr_4"/></StgValue>
</operation>

<operation id="193" st_id="15" stage="1" lat="1">
<core>DSP48</core>
<MemPortIdVec></MemPortIdVec>
<condition id="-1">
<or_exp><and_exp><literal name="and_ln35_4" val="1"/>
</and_exp></or_exp>
</condition>

<Node id="189" bw="14" op_0_bw="14" op_1_bw="14">
<![CDATA[
:5  %mul_ln36_7 = mul i14 %zext_ln36_14, 100

]]></Node>
<StgValue><ssdm name="mul_ln36_7"/></StgValue>
</operation>

<operation id="194" st_id="15" stage="1" lat="1">
<core>DSP48</core>
<MemPortIdVec></MemPortIdVec>
<condition id="-1">
<or_exp><and_exp><literal name="and_ln35_4" val="1"/>
</and_exp></or_exp>
</condition>

<Node id="190" bw="14" op_0_bw="14" op_1_bw="14">
<![CDATA[
:6  %add_ln36_12 = add i14 %mul_ln36_7, %zext_ln36

]]></Node>
<StgValue><ssdm name="add_ln36_12"/></StgValue>
</operation>

<operation id="195" st_id="15" stage="1" lat="1">
<core>NULL</core>
<MemPortIdVec></MemPortIdVec>
<condition id="-1">
<or_exp><and_exp><literal name="and_ln35_4" val="1"/>
</and_exp></or_exp>
</condition>

<Node id="191" bw="64" op_0_bw="14">
<![CDATA[
:7  %zext_ln36_17 = zext i14 %add_ln36_12 to i64

]]></Node>
<StgValue><ssdm name="zext_ln36_17"/></StgValue>
</operation>

<operation id="196" st_id="15" stage="1" lat="1">
<core>NULL</core>
<MemPortIdVec></MemPortIdVec>
<condition id="-1">
<or_exp><and_exp><literal name="and_ln35_4" val="1"/>
</and_exp></or_exp>
</condition>

<Node id="192" bw="14" op_0_bw="32" op_1_bw="64" op_2_bw="64">
<![CDATA[
:8  %arrayB_addr_4 = getelementptr [10000 x i32]* %arrayB, i64 0, i64 %zext_ln36_17

]]></Node>
<StgValue><ssdm name="arrayB_addr_4"/></StgValue>
</operation>

<operation id="197" st_id="15" stage="2" lat="2">
<core>RAM</core>
<MemPortIdVec></MemPortIdVec>
<condition id="-1">
<or_exp><and_exp><literal name="and_ln35_4" val="1"/>
</and_exp></or_exp>
</condition>

<Node id="193" bw="32" op_0_bw="14">
<![CDATA[
:9  %arrayA_load_3 = load i32* %arrayA_addr_4, align 4

]]></Node>
<StgValue><ssdm name="arrayA_load_3"/></StgValue>
</operation>

<operation id="198" st_id="15" stage="2" lat="2">
<core>RAM</core>
<MemPortIdVec></MemPortIdVec>
<condition id="-1">
<or_exp><and_exp><literal name="and_ln35_4" val="1"/>
</and_exp></or_exp>
</condition>

<Node id="194" bw="32" op_0_bw="14">
<![CDATA[
:10  %arrayB_load_3 = load i32* %arrayB_addr_4, align 4

]]></Node>
<StgValue><ssdm name="arrayB_load_3"/></StgValue>
</operation>
</state>

<state id="16" st_id="16">

<operation id="199" st_id="16" stage="1" lat="2">
<core>RAM</core>
<MemPortIdVec></MemPortIdVec>
<condition id="-1">
<or_exp><and_exp></and_exp></or_exp>
</condition>

<Node id="193" bw="32" op_0_bw="14">
<![CDATA[
:9  %arrayA_load_3 = load i32* %arrayA_addr_4, align 4

]]></Node>
<StgValue><ssdm name="arrayA_load_3"/></StgValue>
</operation>

<operation id="200" st_id="16" stage="1" lat="2">
<core>RAM</core>
<MemPortIdVec></MemPortIdVec>
<condition id="-1">
<or_exp><and_exp></and_exp></or_exp>
</condition>

<Node id="194" bw="32" op_0_bw="14">
<![CDATA[
:10  %arrayB_load_3 = load i32* %arrayB_addr_4, align 4

]]></Node>
<StgValue><ssdm name="arrayB_load_3"/></StgValue>
</operation>

<operation id="201" st_id="16" stage="2" lat="2">
<core>RAM</core>
<MemPortIdVec></MemPortIdVec>
<condition id="-1">
<or_exp><and_exp></and_exp></or_exp>
</condition>

<Node id="196" bw="32" op_0_bw="14" op_1_bw="0" op_2_bw="0" op_3_bw="0">
<![CDATA[
:12  %arrayC_load_4 = load i32* %arrayC_addr_1, align 4

]]></Node>
<StgValue><ssdm name="arrayC_load_4"/></StgValue>
</operation>
</state>

<state id="17" st_id="17">

<operation id="202" st_id="17" stage="1" lat="1">
<core>Mul</core>
<MemPortIdVec></MemPortIdVec>
<condition id="-1">
<or_exp><and_exp></and_exp></or_exp>
</condition>

<Node id="195" bw="32" op_0_bw="32" op_1_bw="32">
<![CDATA[
:11  %mul_ln36_3 = mul nsw i32 %arrayB_load_3, %arrayA_load_3

]]></Node>
<StgValue><ssdm name="mul_ln36_3"/></StgValue>
</operation>

<operation id="203" st_id="17" stage="1" lat="2">
<core>RAM</core>
<MemPortIdVec></MemPortIdVec>
<condition id="-1">
<or_exp><and_exp></and_exp></or_exp>
</condition>

<Node id="196" bw="32" op_0_bw="14" op_1_bw="0" op_2_bw="0" op_3_bw="0">
<![CDATA[
:12  %arrayC_load_4 = load i32* %arrayC_addr_1, align 4

]]></Node>
<StgValue><ssdm name="arrayC_load_4"/></StgValue>
</operation>
</state>

<state id="18" st_id="18">

<operation id="204" st_id="18" stage="1" lat="1">
<core>AddSub</core>
<MemPortIdVec></MemPortIdVec>
<condition id="-1">
<or_exp><and_exp><literal name="and_ln35_4" val="1"/>
</and_exp></or_exp>
</condition>

<Node id="197" bw="32" op_0_bw="32" op_1_bw="32">
<![CDATA[
:13  %add_ln36_3 = add nsw i32 %mul_ln36_3, %arrayC_load_4

]]></Node>
<StgValue><ssdm name="add_ln36_3"/></StgValue>
</operation>

<operation id="205" st_id="18" stage="1" lat="1">
<core>RAM</core>
<MemPortIdVec></MemPortIdVec>
<condition id="-1">
<or_exp><and_exp><literal name="and_ln35_4" val="1"/>
</and_exp></or_exp>
</condition>

<Node id="198" bw="0" op_0_bw="32" op_1_bw="14" op_2_bw="32" op_3_bw="32" op_4_bw="32" op_5_bw="32">
<![CDATA[
:14  store i32 %add_ln36_3, i32* %arrayC_addr_1, align 4

]]></Node>
<StgValue><ssdm name="store_ln36"/></StgValue>
</operation>

<operation id="206" st_id="18" stage="1" lat="1">
<core>NULL</core>
<MemPortIdVec></MemPortIdVec>
<condition id="-1">
<or_exp><and_exp><literal name="and_ln35_4" val="1"/>
</and_exp></or_exp>
</condition>

<Node id="199" bw="0" op_0_bw="0">
<![CDATA[
:15  br label %._crit_edge6.3

]]></Node>
<StgValue><ssdm name="br_ln36"/></StgValue>
</operation>

<operation id="207" st_id="18" stage="1" lat="1">
<core>AddSub</core>
<MemPortIdVec></MemPortIdVec>
<condition id="-1">
<or_exp><and_exp></and_exp></or_exp>
</condition>

<Node id="201" bw="7" op_0_bw="7" op_1_bw="7">
<![CDATA[
._crit_edge6.3:0  %add_ln31 = add i7 %k_0_0, 4

]]></Node>
<StgValue><ssdm name="add_ln31"/></StgValue>
</operation>

<operation id="208" st_id="18" stage="1" lat="1">
<core>NULL</core>
<MemPortIdVec></MemPortIdVec>
<condition id="-1">
<or_exp><and_exp></and_exp></or_exp>
</condition>

<Node id="202" bw="0" op_0_bw="0">
<![CDATA[
._crit_edge6.3:1  br label %.preheader4.0

]]></Node>
<StgValue><ssdm name="br_ln31"/></StgValue>
</operation>
</state>

<state id="19" st_id="19">

<operation id="209" st_id="19" stage="1" lat="1">
<core>NULL</core>
<MemPortIdVec></MemPortIdVec>
<condition id="-1">
<or_exp><and_exp></and_exp></or_exp>
</condition>

<Node id="211" bw="7" op_0_bw="7" op_1_bw="0" op_2_bw="7" op_3_bw="0">
<![CDATA[
.preheader:0  %i_2 = phi i7 [ %i_4, %loop_write_end ], [ 0, %.preheader.preheader ]

]]></Node>
<StgValue><ssdm name="i_2"/></StgValue>
</operation>

<operation id="210" st_id="19" stage="1" lat="1">
<core>NULL</core>
<MemPortIdVec></MemPortIdVec>
<condition id="-1">
<or_exp><and_exp></and_exp></or_exp>
</condition>

<Node id="212" bw="14" op_0_bw="14" op_1_bw="0" op_2_bw="14" op_3_bw="0">
<![CDATA[
.preheader:1  %phi_mul3 = phi i14 [ %add_ln42, %loop_write_end ], [ 0, %.preheader.preheader ]

]]></Node>
<StgValue><ssdm name="phi_mul3"/></StgValue>
</operation>

<operation id="211" st_id="19" stage="1" lat="1">
<core>AddSub</core>
<MemPortIdVec></MemPortIdVec>
<condition id="-1">
<or_exp><and_exp></and_exp></or_exp>
</condition>

<Node id="213" bw="14" op_0_bw="14" op_1_bw="14">
<![CDATA[
.preheader:2  %add_ln42 = add i14 %phi_mul3, 100

]]></Node>
<StgValue><ssdm name="add_ln42"/></StgValue>
</operation>

<operation id="212" st_id="19" stage="1" lat="1">
<core>NULL</core>
<MemPortIdVec></MemPortIdVec>
<condition id="-1">
<or_exp><and_exp></and_exp></or_exp>
</condition>

<Node id="214" bw="32" op_0_bw="7">
<![CDATA[
.preheader:3  %zext_ln42 = zext i7 %i_2 to i32

]]></Node>
<StgValue><ssdm name="zext_ln42"/></StgValue>
</operation>

<operation id="213" st_id="19" stage="1" lat="1">
<core>Cmp</core>
<MemPortIdVec></MemPortIdVec>
<condition id="-1">
<or_exp><and_exp></and_exp></or_exp>
</condition>

<Node id="215" bw="1" op_0_bw="7" op_1_bw="7">
<![CDATA[
.preheader:4  %icmp_ln42 = icmp eq i7 %i_2, -28

]]></Node>
<StgValue><ssdm name="icmp_ln42"/></StgValue>
</operation>

<operation id="214" st_id="19" stage="1" lat="1">
<core>NULL</core>
<MemPortIdVec></MemPortIdVec>
<condition id="-1">
<or_exp><and_exp></and_exp></or_exp>
</condition>

<Node id="216" bw="32" op_0_bw="32" op_1_bw="64" op_2_bw="64" op_3_bw="64">
<![CDATA[
.preheader:5  %empty_10 = call i32 (...)* @_ssdm_op_SpecLoopTripCount(i64 100, i64 100, i64 100) nounwind

]]></Node>
<StgValue><ssdm name="empty_10"/></StgValue>
</operation>

<operation id="215" st_id="19" stage="1" lat="1">
<core>AddSub</core>
<MemPortIdVec></MemPortIdVec>
<condition id="-1">
<or_exp><and_exp></and_exp></or_exp>
</condition>

<Node id="217" bw="7" op_0_bw="7" op_1_bw="7">
<![CDATA[
.preheader:6  %i_4 = add i7 %i_2, 1

]]></Node>
<StgValue><ssdm name="i_4"/></StgValue>
</operation>

<operation id="216" st_id="19" stage="1" lat="1">
<core>NULL</core>
<MemPortIdVec></MemPortIdVec>
<condition id="-1">
<or_exp><and_exp></and_exp></or_exp>
</condition>

<Node id="218" bw="0" op_0_bw="1" op_1_bw="0" op_2_bw="0">
<![CDATA[
.preheader:7  br i1 %icmp_ln42, label %13, label %loop_write_begin

]]></Node>
<StgValue><ssdm name="br_ln42"/></StgValue>
</operation>

<operation id="217" st_id="19" stage="1" lat="1">
<core>NULL</core>
<MemPortIdVec></MemPortIdVec>
<condition id="-1">
<or_exp><and_exp><literal name="icmp_ln42" val="0"/>
</and_exp></or_exp>
</condition>

<Node id="220" bw="0" op_0_bw="0" op_1_bw="0">
<![CDATA[
loop_write_begin:0  call void (...)* @_ssdm_op_SpecLoopName([11 x i8]* @p_str5) nounwind

]]></Node>
<StgValue><ssdm name="specloopname_ln43"/></StgValue>
</operation>

<operation id="218" st_id="19" stage="1" lat="1">
<core>NULL</core>
<MemPortIdVec></MemPortIdVec>
<condition id="-1">
<or_exp><and_exp><literal name="icmp_ln42" val="0"/>
</and_exp></or_exp>
</condition>

<Node id="221" bw="32" op_0_bw="32" op_1_bw="0">
<![CDATA[
loop_write_begin:1  %tmp_2 = call i32 (...)* @_ssdm_op_SpecRegionBegin([11 x i8]* @p_str5) nounwind

]]></Node>
<StgValue><ssdm name="tmp_2"/></StgValue>
</operation>

<operation id="219" st_id="19" stage="1" lat="1">
<core>Cmp</core>
<MemPortIdVec></MemPortIdVec>
<condition id="-1">
<or_exp><and_exp><literal name="icmp_ln42" val="0"/>
</and_exp></or_exp>
</condition>

<Node id="222" bw="1" op_0_bw="32" op_1_bw="32">
<![CDATA[
loop_write_begin:2  %icmp_ln47 = icmp slt i32 %zext_ln42, %mC_read

]]></Node>
<StgValue><ssdm name="icmp_ln47"/></StgValue>
</operation>

<operation id="220" st_id="19" stage="1" lat="1">
<core>NULL</core>
<MemPortIdVec></MemPortIdVec>
<condition id="-1">
<or_exp><and_exp><literal name="icmp_ln42" val="0"/>
</and_exp></or_exp>
</condition>

<Node id="223" bw="0" op_0_bw="0">
<![CDATA[
loop_write_begin:3  br label %10

]]></Node>
<StgValue><ssdm name="br_ln44"/></StgValue>
</operation>

<operation id="221" st_id="19" stage="1" lat="1">
<core>NULL</core>
<MemPortIdVec></MemPortIdVec>
<condition id="-1">
<or_exp><and_exp><literal name="icmp_ln42" val="1"/>
</and_exp></or_exp>
</condition>

<Node id="249" bw="0">
<![CDATA[
:0  ret void

]]></Node>
<StgValue><ssdm name="ret_ln51"/></StgValue>
</operation>
</state>

<state id="20" st_id="20">

<operation id="222" st_id="20" stage="1" lat="1">
<core>NULL</core>
<MemPortIdVec></MemPortIdVec>
<condition id="-1">
<or_exp><and_exp></and_exp></or_exp>
</condition>

<Node id="225" bw="7" op_0_bw="7" op_1_bw="0" op_2_bw="7" op_3_bw="0">
<![CDATA[
:0  %j_2 = phi i7 [ 0, %loop_write_begin ], [ %j_4, %._crit_edge7 ]

]]></Node>
<StgValue><ssdm name="j_2"/></StgValue>
</operation>

<operation id="223" st_id="20" stage="1" lat="1">
<core>NULL</core>
<MemPortIdVec></MemPortIdVec>
<condition id="-1">
<or_exp><and_exp></and_exp></or_exp>
</condition>

<Node id="226" bw="32" op_0_bw="7">
<![CDATA[
:1  %zext_ln44 = zext i7 %j_2 to i32

]]></Node>
<StgValue><ssdm name="zext_ln44"/></StgValue>
</operation>

<operation id="224" st_id="20" stage="1" lat="1">
<core>Cmp</core>
<MemPortIdVec></MemPortIdVec>
<condition id="-1">
<or_exp><and_exp></and_exp></or_exp>
</condition>

<Node id="227" bw="1" op_0_bw="7" op_1_bw="7">
<![CDATA[
:2  %icmp_ln44 = icmp eq i7 %j_2, -28

]]></Node>
<StgValue><ssdm name="icmp_ln44"/></StgValue>
</operation>

<operation id="225" st_id="20" stage="1" lat="1">
<core>NULL</core>
<MemPortIdVec></MemPortIdVec>
<condition id="-1">
<or_exp><and_exp></and_exp></or_exp>
</condition>

<Node id="228" bw="32" op_0_bw="32" op_1_bw="64" op_2_bw="64" op_3_bw="64">
<![CDATA[
:3  %empty_11 = call i32 (...)* @_ssdm_op_SpecLoopTripCount(i64 100, i64 100, i64 100) nounwind

]]></Node>
<StgValue><ssdm name="empty_11"/></StgValue>
</operation>

<operation id="226" st_id="20" stage="1" lat="1">
<core>AddSub</core>
<MemPortIdVec></MemPortIdVec>
<condition id="-1">
<or_exp><and_exp></and_exp></or_exp>
</condition>

<Node id="229" bw="7" op_0_bw="7" op_1_bw="7">
<![CDATA[
:4  %j_4 = add i7 %j_2, 1

]]></Node>
<StgValue><ssdm name="j_4"/></StgValue>
</operation>

<operation id="227" st_id="20" stage="1" lat="1">
<core>NULL</core>
<MemPortIdVec></MemPortIdVec>
<condition id="-1">
<or_exp><and_exp></and_exp></or_exp>
</condition>

<Node id="230" bw="0" op_0_bw="1" op_1_bw="0" op_2_bw="0">
<![CDATA[
:5  br i1 %icmp_ln44, label %loop_write_end, label %11

]]></Node>
<StgValue><ssdm name="br_ln44"/></StgValue>
</operation>

<operation id="228" st_id="20" stage="1" lat="1">
<core>Cmp</core>
<MemPortIdVec></MemPortIdVec>
<condition id="-1">
<or_exp><and_exp><literal name="icmp_ln44" val="0"/>
</and_exp></or_exp>
</condition>

<Node id="232" bw="1" op_0_bw="32" op_1_bw="32">
<![CDATA[
:0  %icmp_ln47_1 = icmp slt i32 %zext_ln44, %nC_read

]]></Node>
<StgValue><ssdm name="icmp_ln47_1"/></StgValue>
</operation>

<operation id="229" st_id="20" stage="1" lat="1">
<core>LogicGate</core>
<MemPortIdVec></MemPortIdVec>
<condition id="-1">
<or_exp><and_exp><literal name="icmp_ln44" val="0"/>
</and_exp></or_exp>
</condition>

<Node id="233" bw="1" op_0_bw="1" op_1_bw="1">
<![CDATA[
:1  %and_ln47 = and i1 %icmp_ln47, %icmp_ln47_1

]]></Node>
<StgValue><ssdm name="and_ln47"/></StgValue>
</operation>

<operation id="230" st_id="20" stage="1" lat="1">
<core>NULL</core>
<MemPortIdVec></MemPortIdVec>
<condition id="-1">
<or_exp><and_exp><literal name="icmp_ln44" val="0"/>
</and_exp></or_exp>
</condition>

<Node id="234" bw="0" op_0_bw="1" op_1_bw="0" op_2_bw="0">
<![CDATA[
:2  br i1 %and_ln47, label %12, label %._crit_edge7

]]></Node>
<StgValue><ssdm name="br_ln47"/></StgValue>
</operation>

<operation id="231" st_id="20" stage="1" lat="1">
<core>NULL</core>
<MemPortIdVec></MemPortIdVec>
<condition id="-1">
<or_exp><and_exp><literal name="icmp_ln44" val="0"/>
<literal name="and_ln47" val="1"/>
</and_exp></or_exp>
</condition>

<Node id="236" bw="14" op_0_bw="7">
<![CDATA[
:0  %zext_ln48 = zext i7 %j_2 to i14

]]></Node>
<StgValue><ssdm name="zext_ln48"/></StgValue>
</operation>

<operation id="232" st_id="20" stage="1" lat="1">
<core>AddSub</core>
<MemPortIdVec></MemPortIdVec>
<condition id="-1">
<or_exp><and_exp><literal name="icmp_ln44" val="0"/>
<literal name="and_ln47" val="1"/>
</and_exp></or_exp>
</condition>

<Node id="237" bw="14" op_0_bw="14" op_1_bw="14">
<![CDATA[
:1  %add_ln48 = add i14 %phi_mul3, %zext_ln48

]]></Node>
<StgValue><ssdm name="add_ln48"/></StgValue>
</operation>

<operation id="233" st_id="20" stage="1" lat="1">
<core>NULL</core>
<MemPortIdVec></MemPortIdVec>
<condition id="-1">
<or_exp><and_exp><literal name="icmp_ln44" val="0"/>
<literal name="and_ln47" val="1"/>
</and_exp></or_exp>
</condition>

<Node id="238" bw="64" op_0_bw="14">
<![CDATA[
:2  %zext_ln48_1 = zext i14 %add_ln48 to i64

]]></Node>
<StgValue><ssdm name="zext_ln48_1"/></StgValue>
</operation>

<operation id="234" st_id="20" stage="1" lat="1">
<core>NULL</core>
<MemPortIdVec></MemPortIdVec>
<condition id="-1">
<or_exp><and_exp><literal name="icmp_ln44" val="0"/>
<literal name="and_ln47" val="1"/>
</and_exp></or_exp>
</condition>

<Node id="239" bw="14" op_0_bw="32" op_1_bw="64" op_2_bw="64">
<![CDATA[
:3  %arrayC_addr_2 = getelementptr [10000 x i32]* %arrayC, i64 0, i64 %zext_ln48_1

]]></Node>
<StgValue><ssdm name="arrayC_addr_2"/></StgValue>
</operation>

<operation id="235" st_id="20" stage="2" lat="2">
<core>RAM</core>
<MemPortIdVec></MemPortIdVec>
<condition id="-1">
<or_exp><and_exp><literal name="icmp_ln44" val="0"/>
<literal name="and_ln47" val="1"/>
</and_exp></or_exp>
</condition>

<Node id="240" bw="32" op_0_bw="14">
<![CDATA[
:4  %arrayC_load = load i32* %arrayC_addr_2, align 4

]]></Node>
<StgValue><ssdm name="arrayC_load"/></StgValue>
</operation>

<operation id="236" st_id="20" stage="1" lat="1">
<core>NULL</core>
<MemPortIdVec></MemPortIdVec>
<condition id="-1">
<or_exp><and_exp><literal name="icmp_ln44" val="1"/>
</and_exp></or_exp>
</condition>

<Node id="246" bw="32" op_0_bw="32" op_1_bw="0" op_2_bw="32">
<![CDATA[
loop_write_end:0  %empty_12 = call i32 (...)* @_ssdm_op_SpecRegionEnd([11 x i8]* @p_str5, i32 %tmp_2) nounwind

]]></Node>
<StgValue><ssdm name="empty_12"/></StgValue>
</operation>

<operation id="237" st_id="20" stage="1" lat="1">
<core>NULL</core>
<MemPortIdVec></MemPortIdVec>
<condition id="-1">
<or_exp><and_exp><literal name="icmp_ln44" val="1"/>
</and_exp></or_exp>
</condition>

<Node id="247" bw="0" op_0_bw="0">
<![CDATA[
loop_write_end:1  br label %.preheader

]]></Node>
<StgValue><ssdm name="br_ln42"/></StgValue>
</operation>
</state>

<state id="21" st_id="21">

<operation id="238" st_id="21" stage="1" lat="2">
<core>RAM</core>
<MemPortIdVec></MemPortIdVec>
<condition id="-1">
<or_exp><and_exp><literal name="and_ln47" val="1"/>
</and_exp></or_exp>
</condition>

<Node id="240" bw="32" op_0_bw="14">
<![CDATA[
:4  %arrayC_load = load i32* %arrayC_addr_2, align 4

]]></Node>
<StgValue><ssdm name="arrayC_load"/></StgValue>
</operation>

<operation id="239" st_id="21" stage="1" lat="1">
<core>FIFO</core>
<MemPortIdVec></MemPortIdVec>
<condition id="-1">
<or_exp><and_exp><literal name="and_ln47" val="1"/>
</and_exp></or_exp>
</condition>

<Node id="241" bw="0" op_0_bw="0" op_1_bw="32" op_2_bw="32">
<![CDATA[
:5  call void @_ssdm_op_Write.ap_fifo.volatile.i32P(i32* %C, i32 %arrayC_load) nounwind

]]></Node>
<StgValue><ssdm name="write_ln48"/></StgValue>
</operation>

<operation id="240" st_id="21" stage="1" lat="1">
<core>NULL</core>
<MemPortIdVec></MemPortIdVec>
<condition id="-1">
<or_exp><and_exp><literal name="and_ln47" val="1"/>
</and_exp></or_exp>
</condition>

<Node id="242" bw="0" op_0_bw="0">
<![CDATA[
:6  br label %._crit_edge7

]]></Node>
<StgValue><ssdm name="br_ln48"/></StgValue>
</operation>

<operation id="241" st_id="21" stage="1" lat="1">
<core>NULL</core>
<MemPortIdVec></MemPortIdVec>
<condition id="-1">
<or_exp><and_exp></and_exp></or_exp>
</condition>

<Node id="244" bw="0" op_0_bw="0">
<![CDATA[
._crit_edge7:0  br label %10

]]></Node>
<StgValue><ssdm name="br_ln44"/></StgValue>
</operation>
</state>
</state_list>


<ports>
</ports>


<dataflows>
</dataflows>


</stg>
