{
  "Top": "multiply_partB_2",
  "RtlTop": "multiply_partB_2",
  "RtlPrefix": "",
  "SourceLanguage": "c",
  "ResetStyle": "control",
  "GenerateBdFiles": "0",
  "HostMachineBits": "64",
  "Target": {
    "Family": "zynq",
    "Device": "xc7z020",
    "Package": "-clg400",
    "Speed": "-1"
  },
  "HlsSolution": {
    "DirectiveTcl": [
      "set_directive_interface multiply_partB_1 ",
      "set_directive_interface multiply_partB_1 ",
      "set_directive_interface multiply_partB_1 ",
      "set_directive_interface multiply_partB_2 ",
      "set_directive_interface multiply_partB_2 ",
      "set_directive_interface multiply_partB_2 "
    ],
    "DirectiveInfo": [
      "interface multiply_partB_1 {{ap_fifo positionBoolean0mode} {port positionBooleanTextRequiredA}} {}",
      "interface multiply_partB_1 {{ap_fifo positionBoolean0mode} {port positionBooleanTextRequiredB}} {}",
      "interface multiply_partB_1 {{ap_fifo positionBoolean0mode} {port positionBooleanTextRequiredC}} {}",
      "interface multiply_partB_2 {{ap_fifo positionBoolean0mode} {port positionBooleanTextRequiredA}} {}",
      "interface multiply_partB_2 {{ap_fifo positionBoolean0mode} {port positionBooleanTextRequiredB}} {}",
      "interface multiply_partB_2 {{ap_fifo positionBoolean0mode} {port positionBooleanTextRequiredC}} {}"
    ]
  },
  "Args": {
    "A": {
      "index": "0",
      "type": {
        "kinds": ["array"],
        "dataType": "int",
        "dataWidth": "32",
        "arraySizes": [
          "100",
          "100"
        ],
        "interfaceRef": "A"
      }
    },
    "B": {
      "index": "1",
      "type": {
        "kinds": ["array"],
        "dataType": "int",
        "dataWidth": "32",
        "arraySizes": [
          "100",
          "100"
        ],
        "interfaceRef": "B"
      }
    },
    "C": {
      "index": "2",
      "type": {
        "kinds": ["array"],
        "dataType": "int",
        "dataWidth": "32",
        "arraySizes": [
          "100",
          "100"
        ],
        "interfaceRef": "C"
      }
    },
    "mA": {
      "index": "3",
      "type": {
        "dataType": "int",
        "dataWidth": "32",
        "interfaceRef": "mA"
      }
    },
    "nA": {
      "index": "4",
      "type": {
        "dataType": "int",
        "dataWidth": "32",
        "interfaceRef": "nA"
      }
    },
    "mB": {
      "index": "5",
      "type": {
        "dataType": "int",
        "dataWidth": "32",
        "interfaceRef": "mB"
      }
    },
    "nB": {
      "index": "6",
      "type": {
        "dataType": "int",
        "dataWidth": "32",
        "interfaceRef": "nB"
      }
    },
    "mC": {
      "index": "7",
      "type": {
        "dataType": "int",
        "dataWidth": "32",
        "interfaceRef": "mC"
      }
    },
    "nC": {
      "index": "8",
      "type": {
        "dataType": "int",
        "dataWidth": "32",
        "interfaceRef": "nC"
      }
    }
  },
  "Return": {
    
  },
  "ClockInfo": {
    "ClockName": "ap_clk",
    "ClockPeriod": "10",
    "IsCombLogic": "0",
    "II": "x",
    "Latency": "1300603",
    "Uncertainty": "1.25"
  },
  "Xdc": {"OocClocks": ["create_clock -name ap_clk -period 10.000 [get_ports ap_clk]"]},
  "Ipx": {
    "Vendor": "xilinx.com",
    "Library": "hls",
    "Name": "multiply_partB_2",
    "Version": "1.0",
    "DisplayName": "Multiply_partb_2",
    "Revision": "",
    "Description": "An IP generated by Vivado HLS",
    "Taxonomy": "\/VIVADO_HLS_IP",
    "AutoFamilySupport": ""
  },
  "Files": {
    "CSource": [
      "..\/mp3b2.c",
      "..\/mp3b1.c"
    ],
    "Vhdl": [
      "impl\/vhdl\/multiply_partB_2_bkb.vhd",
      "impl\/vhdl\/multiply_partB_2_eOg.vhd",
      "impl\/vhdl\/multiply_partB_2.vhd"
    ],
    "Verilog": [
      "impl\/verilog\/multiply_partB_2_bkb.v",
      "impl\/verilog\/multiply_partB_2_eOg.v",
      "impl\/verilog\/multiply_partB_2.v"
    ],
    "Misc": ["impl\/misc\/logo.png"],
    "DesignXml": "F:\/ece527\/UIUC-ECE527\/mp3\/mp3b\/mp3b\/solution1\/.autopilot\/db\/multiply_partB_2.design.xml",
    "DebugDir": "F:\/ece527\/UIUC-ECE527\/mp3\/mp3b\/mp3b\/solution1\/.debug",
    "ProtoInst": [
      "F:\/ece527\/UIUC-ECE527\/mp3\/mp3b\/mp3b\/solution1\/.debug\/multiply_partB_1.protoinst",
      "F:\/ece527\/UIUC-ECE527\/mp3\/mp3b\/mp3b\/solution1\/.debug\/multiply_partB_2.protoinst"
    ]
  },
  "SubcoreInfo": {
    "HasXpmMemory": false,
    "HasClockedDsp": false,
    "IP": []
  },
  "Interfaces": {
    "A": {
      "type": "ap_fifo",
      "fifo_width": "32",
      "fifo_type": "read",
      "ctype": {
        "RD_DATA": {
          "Type": "integer signed",
          "Width": "32"
        },
        "EMPTY_N": {"Type": "bool"},
        "RD_EN": {"Type": "bool"}
      }
    },
    "ap_clk": {
      "type": "clock",
      "ctype": {"CLK": {"Type": "bool"}},
      "bundle_name": "ap_clk",
      "bundle_role": "default",
      "reset": "ap_rst"
    },
    "ap_ctrl": {
      "type": "ap_ctrl",
      "ctrl_ports": "ap_start ap_done ap_idle ap_ready",
      "ctype": {
        "start": {"Type": "bool"},
        "done": {"Type": "bool"},
        "idle": {"Type": "bool"},
        "ready": {"Type": "bool"}
      }
    },
    "ap_rst": {
      "type": "reset",
      "polarity": "ACTIVE_HIGH",
      "ctype": {"RST": {"Type": "bool"}},
      "bundle_name": "ap_rst",
      "bundle_role": "default"
    },
    "B": {
      "type": "ap_fifo",
      "fifo_width": "32",
      "fifo_type": "read",
      "ctype": {
        "RD_DATA": {
          "Type": "integer signed",
          "Width": "32"
        },
        "EMPTY_N": {"Type": "bool"},
        "RD_EN": {"Type": "bool"}
      }
    },
    "C": {
      "type": "ap_fifo",
      "fifo_width": "32",
      "fifo_type": "write",
      "ctype": {
        "WR_DATA": {
          "Type": "integer signed",
          "Width": "32"
        },
        "FULL_N": {"Type": "bool"},
        "WR_EN": {"Type": "bool"}
      }
    },
    "mA": {
      "type": "data",
      "dir": "in",
      "width": "32",
      "ctype": {"DATA": {
          "Type": "integer signed",
          "Width": "32"
        }},
      "bundle_name": "mA",
      "bundle_role": "default"
    },
    "mB": {
      "type": "data",
      "dir": "in",
      "width": "32",
      "ctype": {"DATA": {
          "Type": "integer signed",
          "Width": "32"
        }},
      "bundle_name": "mB",
      "bundle_role": "default"
    },
    "mC": {
      "type": "data",
      "dir": "in",
      "width": "32",
      "ctype": {"DATA": {
          "Type": "integer signed",
          "Width": "32"
        }},
      "bundle_name": "mC",
      "bundle_role": "default"
    },
    "nA": {
      "type": "data",
      "dir": "in",
      "width": "32",
      "ctype": {"DATA": {
          "Type": "integer signed",
          "Width": "32"
        }},
      "bundle_name": "nA",
      "bundle_role": "default"
    },
    "nB": {
      "type": "data",
      "dir": "in",
      "width": "32",
      "ctype": {"DATA": {
          "Type": "integer signed",
          "Width": "32"
        }},
      "bundle_name": "nB",
      "bundle_role": "default"
    },
    "nC": {
      "type": "data",
      "dir": "in",
      "width": "32",
      "ctype": {"DATA": {
          "Type": "integer signed",
          "Width": "32"
        }},
      "bundle_name": "nC",
      "bundle_role": "default"
    }
  },
  "RtlPorts": {
    "ap_clk": {
      "dir": "in",
      "width": "1"
    },
    "ap_rst": {
      "dir": "in",
      "width": "1"
    },
    "ap_start": {
      "dir": "in",
      "width": "1"
    },
    "ap_done": {
      "dir": "out",
      "width": "1"
    },
    "ap_idle": {
      "dir": "out",
      "width": "1"
    },
    "ap_ready": {
      "dir": "out",
      "width": "1"
    },
    "A_dout": {
      "dir": "in",
      "width": "32"
    },
    "A_empty_n": {
      "dir": "in",
      "width": "1"
    },
    "A_read": {
      "dir": "out",
      "width": "1"
    },
    "B_dout": {
      "dir": "in",
      "width": "32"
    },
    "B_empty_n": {
      "dir": "in",
      "width": "1"
    },
    "B_read": {
      "dir": "out",
      "width": "1"
    },
    "C_din": {
      "dir": "out",
      "width": "32"
    },
    "C_full_n": {
      "dir": "in",
      "width": "1"
    },
    "C_write": {
      "dir": "out",
      "width": "1"
    },
    "mA": {
      "dir": "in",
      "width": "32"
    },
    "nA": {
      "dir": "in",
      "width": "32"
    },
    "mB": {
      "dir": "in",
      "width": "32"
    },
    "nB": {
      "dir": "in",
      "width": "32"
    },
    "mC": {
      "dir": "in",
      "width": "32"
    },
    "nC": {
      "dir": "in",
      "width": "32"
    }
  },
  "ModuleInfo": {
    "Hierarchy": {"ModuleName": "multiply_partB_2"},
    "Info": {"multiply_partB_2": {
        "FunctionProtocol": "ap_ctrl_hs",
        "isTaskLevelControl": "1",
        "isPipelined": "0",
        "isCombinational": "0",
        "isOneStateSeq": "0"
      }},
    "Metrics": {"multiply_partB_2": {
        "Latency": {
          "LatencyBest": "1300603",
          "LatencyAvg": "2300603",
          "LatencyWorst": "3300603",
          "PipelineIIMin": "1300604",
          "PipelineIIMax": "3300604",
          "PipelineII": "1300604 ~ 3300604",
          "PipelineDepth": "",
          "PipelineType": "none"
        },
        "Timing": {
          "Target": "10.00",
          "Uncertainty": "1.25",
          "Estimate": "9.634"
        },
        "Loops": [
          {
            "Name": "loop_read",
            "TripCount": "100",
            "Latency": "10200",
            "PipelineII": "",
            "PipelineDepth": "102",
            "Loops": [{
                "Name": "loop_read.1",
                "TripCount": "100",
                "Latency": "100",
                "PipelineII": "",
                "PipelineDepth": "1"
              }]
          },
          {
            "Name": "loop_add",
            "TripCount": "100",
            "LatencyMin": "1270200",
            "LatencyMax": "3270200",
            "Latency": "1270200 ~ 3270200",
            "PipelineII": "",
            "PipelineDepthMin": "12702",
            "PipelineDepthMax": "32702",
            "PipelineDepth": "12702 ~ 32702",
            "Loops": [{
                "Name": "loop_add.1",
                "TripCount": "100",
                "LatencyMin": "12700",
                "LatencyMax": "32700",
                "Latency": "12700 ~ 32700",
                "PipelineII": "",
                "PipelineDepthMin": "127",
                "PipelineDepthMax": "327",
                "PipelineDepth": "127 ~ 327",
                "Loops": [{
                    "Name": "loop_add.1.1",
                    "TripCount": "25",
                    "LatencyMin": "125",
                    "LatencyMax": "325",
                    "Latency": "125 ~ 325",
                    "PipelineII": "",
                    "PipelineDepthMin": "5",
                    "PipelineDepthMax": "13",
                    "PipelineDepth": "5 ~ 13"
                  }]
              }]
          },
          {
            "Name": "loop_write",
            "TripCount": "100",
            "Latency": "20200",
            "PipelineII": "",
            "PipelineDepth": "202",
            "Loops": [{
                "Name": "loop_write.1",
                "TripCount": "100",
                "Latency": "200",
                "PipelineII": "",
                "PipelineDepth": "2"
              }]
          }
        ],
        "Area": {
          "BRAM_18K": "96",
          "DSP48E": "7",
          "FF": "539",
          "LUT": "1111",
          "URAM": "0"
        }
      }}
  },
  "Sdx": {
    "Target": "none",
    "ProfileOption": "0",
    "ProfileType": "none",
    "XO": "",
    "KernelName": "multiply_partB_2",
    "EnableXoSwEmu": "1"
  },
  "GenData": {
    "DataVersion": "0.2",
    "Time": "2022-10-09 17:51:44 -0500",
    "ToolName": "vivado_hls",
    "ToolVersion": "2019.1"
  }
}
