<?xml version="1.0" encoding="UTF-8"?>
<GenRun Id="synth_1" LaunchPart="xc7z020clg400-1" LaunchTime="1662308872">
  <File Type="PA-TCL" Name="mp1b_rtl.tcl"/>
  <File Type="REPORTS-TCL" Name="mp1b_rtl_reports.tcl"/>
  <File Type="RDS-RDS" Name="mp1b_rtl.vds"/>
  <File Type="RDS-UTIL" Name="mp1b_rtl_utilization_synth.rpt"/>
  <File Type="RDS-UTIL-PB" Name="mp1b_rtl_utilization_synth.pb"/>
  <File Type="RDS-DCP" Name="mp1b_rtl.dcp"/>
  <FileSet Name="sources" Type="DesignSrcs" RelSrcDir="$PSRCDIR/sources_1">
    <Filter Type="Srcs"/>
    <File Path="$PSRCDIR/sources_1/new/mp1b_rtl.v">
      <FileInfo>
        <Attr Name="ImportPath" Val="D:/Code/UIUC-ECE527/mp1/mp1b/mp1b.srcs/sources_1/new/mp1b_rtl.v"/>
        <Attr Name="ImportTime" Val="1662308712"/>
        <Attr Name="UsedIn" Val="synthesis"/>
        <Attr Name="UsedIn" Val="implementation"/>
        <Attr Name="UsedIn" Val="simulation"/>
      </FileInfo>
    </File>
    <Config>
      <Option Name="DesignMode" Val="RTL"/>
      <Option Name="TopModule" Val="mp1b_rtl"/>
      <Option Name="TopAutoSet" Val="TRUE"/>
    </Config>
  </FileSet>
  <FileSet Name="constrs_in" Type="Constrs" RelSrcDir="$PSRCDIR/constrs_1">
    <Filter Type="Constrs"/>
    <File Path="$PSRCDIR/constrs_1/new/mp1b_constraints.xdc">
      <FileInfo>
        <Attr Name="ImportPath" Val="D:/Code/UIUC-ECE527/mp1/mp1b/mp1b.srcs/constrs_1/new/mp1b_constraints.xdc"/>
        <Attr Name="ImportTime" Val="1662269741"/>
        <Attr Name="UsedIn" Val="synthesis"/>
        <Attr Name="UsedIn" Val="implementation"/>
      </FileInfo>
    </File>
    <Config>
      <Option Name="ConstrsType" Val="XDC"/>
    </Config>
  </FileSet>
  <FileSet Name="utils" Type="Utils" RelSrcDir="$PSRCDIR/utils_1">
    <Filter Type="Utils"/>
    <Config>
      <Option Name="TopAutoSet" Val="TRUE"/>
    </Config>
  </FileSet>
  <Strategy Version="1" Minor="2">
    <StratHandle Name="Vivado Synthesis Defaults" Flow="Vivado Synthesis 2019"/>
    <Step Id="synth_design"/>
  </Strategy>
</GenRun>
