<?xml version="1.0" encoding="utf-8"?>
<Messages>
	<Message severity="INFO" prefix="[SCHED 204-61]" key="SCHED_PIPELINING_STATUS_631" tag="SCHEDULE" content="Option &apos;relax_ii_for_timing&apos; is enabled, will increase II to preserve clock frequency constraints."/>
	<Message severity="INFO" prefix="[HLS 200-10]" key="HLS_10_1312" tag="" content="Analyzing design file &apos;mp3b/mp3b2.c&apos; ..."/>
	<Message severity="INFO" prefix="[HLS 200-10]" key="HLS_10_1312" tag="" content="Analyzing design file &apos;mp3b/mp3b1.c&apos; ..."/>
	<Message severity="INFO" prefix="[HLS 200-111]" key="HLS_111_965" tag="" content="Finished Linking Time (s): cpu = 00:00:01 ; elapsed = 00:00:13 . Memory (MB): peak = 185.105 ; gain = 93.484"/>
	<Message severity="INFO" prefix="[HLS 200-111]" key="HLS_111_965" tag="" content="Finished Checking Pragmas Time (s): cpu = 00:00:01 ; elapsed = 00:00:13 . Memory (MB): peak = 185.105 ; gain = 93.484"/>
	<Message severity="INFO" prefix="[HLS 200-10]" key="HLS_10_1467" tag="" content="Starting code transformations ..."/>
	<Message severity="INFO" prefix="[HLS 200-111]" key="HLS_111_965" tag="" content="Finished Standard Transforms Time (s): cpu = 00:00:01 ; elapsed = 00:00:13 . Memory (MB): peak = 185.105 ; gain = 93.484"/>
	<Message severity="INFO" prefix="[HLS 200-10]" key="HLS_10_1472" tag="" content="Checking synthesizability ..."/>
	<Message severity="INFO" prefix="[HLS 200-111]" key="HLS_111_965" tag="" content="Finished Checking Synthesizability Time (s): cpu = 00:00:01 ; elapsed = 00:00:13 . Memory (MB): peak = 185.105 ; gain = 93.484"/>
	<Message severity="INFO" prefix="[XFORM 203-501]" key="XFORM_UNROLL_STATUS_310" tag="" content="Unrolling loop &apos;Loop-2.1.1&apos; (mp3b/mp3b2.c:31) in function &apos;multiply_partB_2&apos; partially with a factor of 4."/>
	<Message severity="INFO" prefix="[HLS 200-111]" key="HLS_111_965" tag="" content="Finished Pre-synthesis Time (s): cpu = 00:00:01 ; elapsed = 00:00:13 . Memory (MB): peak = 185.105 ; gain = 93.484"/>
	<Message severity="INFO" prefix="[HLS 200-111]" key="HLS_111_965" tag="" content="Finished Architecture Synthesis Time (s): cpu = 00:00:01 ; elapsed = 00:00:14 . Memory (MB): peak = 185.105 ; gain = 93.484"/>
	<Message severity="INFO" prefix="[HLS 200-10]" key="HLS_10_1317" tag="" content="Starting hardware synthesis ..."/>
	<Message severity="INFO" prefix="[HLS 200-10]" key="HLS_10_1385" tag="" content="Synthesizing &apos;multiply_partB_2&apos; ..."/>
	<Message severity="INFO" prefix="[HLS 200-10]" key="HLS_10_1477" tag="" content="----------------------------------------------------------------"/>
	<Message severity="INFO" prefix="[HLS 200-42]" key="HLS_42_1438" tag="" content="-- Implementing module &apos;multiply_partB_2&apos;"/>
	<Message severity="INFO" prefix="[HLS 200-10]" key="HLS_10_1478" tag="" content="----------------------------------------------------------------"/>
	<Message severity="INFO" prefix="[SCHED 204-11]" key="SCHED_SCHED_STATUS_597" tag="" content="Starting scheduling ..."/>
	<Message severity="WARNING" prefix="[SCHED 204-21]" key="SCHED_DELAY_EXCEEDED_76" tag="SDX_KERNEL,SCHEDULE" content="Estimated clock period (9.634ns) exceeds the target (target clock period: 10ns, clock uncertainty: 1.25ns, effective delay budget: 8.75ns)."/>
	<Message severity="WARNING" prefix="[SCHED 204-21]" key="SCHED_DELAY_EXCEEDED_74" tag="SDX_KERNEL,SCHEDULE" content="The critical path in module &apos;multiply_partB_2&apos; consists of the following:
	&apos;phi&apos; operation (&apos;k_0_0&apos;, mp3b/mp3b2.c:31) with incoming values : (&apos;add_ln31&apos;, mp3b/mp3b2.c:31) [105]  (0 ns)
	&apos;mul&apos; operation of DSP[121] (&apos;mul_ln36_4&apos;, mp3b/mp3b2.c:36) [120]  (3.36 ns)
	&apos;add&apos; operation of DSP[121] (&apos;add_ln36_6&apos;, mp3b/mp3b2.c:36) [121]  (3.02 ns)
	&apos;getelementptr&apos; operation (&apos;arrayB_addr_1&apos;, mp3b/mp3b2.c:36) [123]  (0 ns)
	&apos;load&apos; operation (&apos;arrayB_load&apos;, mp3b/mp3b2.c:36) on array &apos;arrayB&apos;, mp3b/mp3b2.c:6 [125]  (3.25 ns)"/>
	<Message severity="INFO" prefix="[SCHED 204-11]" key="SCHED_SCHED_STATUS_596" tag="" content="Finished scheduling."/>
	<Message severity="INFO" prefix="[HLS 200-111]" key="HLS_111_966" tag="" content=" Elapsed time: 13.717 seconds; current allocated memory: 102.976 MB."/>
	<Message severity="INFO" prefix="[HLS 200-434]" key="HLS 200-434" tag="SDX" content="Only 0 loops out of a total 7 loops have been pipelined in this design."/>
	<Message severity="INFO" prefix="[BIND 205-100]" key="BIND_100_926" tag="" content="Starting micro-architecture generation ..."/>
	<Message severity="INFO" prefix="[BIND 205-101]" key="BIND_101_698" tag="" content="Performing variable lifetime analysis."/>
	<Message severity="INFO" prefix="[BIND 205-101]" key="BIND_101_697" tag="" content="Exploring resource sharing."/>
	<Message severity="INFO" prefix="[BIND 205-101]" key="BIND_101_693" tag="" content="Binding ..."/>
	<Message severity="INFO" prefix="[BIND 205-100]" key="BIND_100_925" tag="" content="Finished micro-architecture generation."/>
	<Message severity="INFO" prefix="[HLS 200-111]" key="HLS_111_966" tag="" content=" Elapsed time: 0.112 seconds; current allocated memory: 103.736 MB."/>
	<Message severity="INFO" prefix="[HLS 200-10]" key="HLS_10_1483" tag="" content="----------------------------------------------------------------"/>
	<Message severity="INFO" prefix="[HLS 200-10]" key="HLS_10_1484" tag="" content="-- Generating RTL for module &apos;multiply_partB_2&apos;"/>
	<Message severity="INFO" prefix="[HLS 200-10]" key="HLS_10_1485" tag="" content="----------------------------------------------------------------"/>
	<Message severity="INFO" prefix="[RTGEN 206-500]" key="PREPROC_IO_COMP_CONFLICT_1950" tag="" content="Setting interface mode on port &apos;multiply_partB_2/A&apos; to &apos;ap_fifo&apos;."/>
	<Message severity="INFO" prefix="[RTGEN 206-500]" key="PREPROC_IO_COMP_CONFLICT_1950" tag="" content="Setting interface mode on port &apos;multiply_partB_2/B&apos; to &apos;ap_fifo&apos;."/>
	<Message severity="INFO" prefix="[RTGEN 206-500]" key="PREPROC_IO_COMP_CONFLICT_1950" tag="" content="Setting interface mode on port &apos;multiply_partB_2/C&apos; to &apos;ap_fifo&apos;."/>
	<Message severity="INFO" prefix="[RTGEN 206-500]" key="PREPROC_IO_COMP_CONFLICT_1950" tag="" content="Setting interface mode on port &apos;multiply_partB_2/mA&apos; to &apos;ap_none&apos;."/>
	<Message severity="INFO" prefix="[RTGEN 206-500]" key="PREPROC_IO_COMP_CONFLICT_1950" tag="" content="Setting interface mode on port &apos;multiply_partB_2/nA&apos; to &apos;ap_none&apos;."/>
	<Message severity="INFO" prefix="[RTGEN 206-500]" key="PREPROC_IO_COMP_CONFLICT_1950" tag="" content="Setting interface mode on port &apos;multiply_partB_2/mB&apos; to &apos;ap_none&apos;."/>
	<Message severity="INFO" prefix="[RTGEN 206-500]" key="PREPROC_IO_COMP_CONFLICT_1950" tag="" content="Setting interface mode on port &apos;multiply_partB_2/nB&apos; to &apos;ap_none&apos;."/>
	<Message severity="INFO" prefix="[RTGEN 206-500]" key="PREPROC_IO_COMP_CONFLICT_1950" tag="" content="Setting interface mode on port &apos;multiply_partB_2/mC&apos; to &apos;ap_none&apos;."/>
	<Message severity="INFO" prefix="[RTGEN 206-500]" key="PREPROC_IO_COMP_CONFLICT_1950" tag="" content="Setting interface mode on port &apos;multiply_partB_2/nC&apos; to &apos;ap_none&apos;."/>
	<Message severity="INFO" prefix="[RTGEN 206-500]" key="PREPROC_IO_COMP_CONFLICT_1950" tag="" content="Setting interface mode on function &apos;multiply_partB_2&apos; to &apos;ap_ctrl_hs&apos;."/>
	<Message severity="INFO" prefix="[SYN 201-210]" key="SYN_210_889" tag="" content="Renamed object name &apos;multiply_partB_2_arrayA&apos; to &apos;multiply_partB_2_bkb&apos; due to the length limit 20"/>
	<Message severity="INFO" prefix="[SYN 201-210]" key="SYN_210_889" tag="" content="Renamed object name &apos;multiply_partB_2_arrayB&apos; to &apos;multiply_partB_2_cud&apos; due to the length limit 20"/>
	<Message severity="INFO" prefix="[SYN 201-210]" key="SYN_210_889" tag="" content="Renamed object name &apos;multiply_partB_2_arrayC&apos; to &apos;multiply_partB_2_dEe&apos; due to the length limit 20"/>
	<Message severity="INFO" prefix="[SYN 201-210]" key="SYN_210_889" tag="" content="Renamed object name &apos;multiply_partB_2_mac_muladd_7ns_8ns_7ns_14_1_1&apos; to &apos;multiply_partB_2_eOg&apos; due to the length limit 20"/>
	<Message severity="WARNING" prefix="[RTGEN 206-101]" key="RTGEN_101_738" tag="" content="Port &apos;multiply_partB_2/mA&apos; has no fanin or fanout and is left dangling.
               Please use C simulation to confirm this function argument can be read from or written to."/>
	<Message severity="WARNING" prefix="[RTGEN 206-101]" key="RTGEN_101_738" tag="" content="Port &apos;multiply_partB_2/mB&apos; has no fanin or fanout and is left dangling.
               Please use C simulation to confirm this function argument can be read from or written to."/>
	<Message severity="WARNING" prefix="[RTGEN 206-101]" key="RTGEN_101_738" tag="" content="Port &apos;multiply_partB_2/nB&apos; has no fanin or fanout and is left dangling.
               Please use C simulation to confirm this function argument can be read from or written to."/>
	<Message severity="INFO" prefix="[RTGEN 206-100]" key="RTGEN_100_855" tag="" content="Generating core module &apos;multiply_partB_2_eOg&apos;: 4 instance(s)."/>
	<Message severity="INFO" prefix="[RTGEN 206-100]" key="RTGEN_100_856" tag="" content="Finished creating RTL model for &apos;multiply_partB_2&apos;."/>
	<Message severity="INFO" prefix="[HLS 200-111]" key="HLS_111_966" tag="" content=" Elapsed time: 0.158 seconds; current allocated memory: 104.850 MB."/>
	<Message severity="INFO" prefix="[RTMG 210-278]" key="RTMG_278_1790" tag="" content="Implementing memory &apos;multiply_partB_2_bkb_ram (RAM)&apos; using block RAMs."/>
	<Message severity="INFO" prefix="[HLS 200-111]" key="HLS_111_965" tag="" content="Finished generating all RTL models Time (s): cpu = 00:00:02 ; elapsed = 00:00:15 . Memory (MB): peak = 185.105 ; gain = 93.484"/>
	<Message severity="INFO" prefix="[VHDL 208-304]" key="VHDL_304_1066" tag="" content="Generating VHDL RTL for multiply_partB_2."/>
	<Message severity="INFO" prefix="[VLOG 209-307]" key="VLOG_307_1067" tag="" content="Generating Verilog RTL for multiply_partB_2."/>
</Messages>
