{"sourceFile": [{
      "name": "",
      "directive": [
        {
          "functionName": "multiply_partB_1",
          "label": "",
          "functionLabel": "",
          "pragma": {
            "name": "INTERFACE",
            "option": [
              {
                "name": "ap_fifo",
                "value": "",
                "positionalBoolean": "mode"
              },
              {
                "name": "port",
                "value": "A",
                "positionalBoolean": "4"
              }
            ]
          }
        },
        {
          "functionName": "multiply_partB_1",
          "label": "",
          "functionLabel": "",
          "pragma": {
            "name": "INTERFACE",
            "option": [
              {
                "name": "ap_fifo",
                "value": "",
                "positionalBoolean": "mode"
              },
              {
                "name": "port",
                "value": "B",
                "positionalBoolean": "4"
              }
            ]
          }
        },
        {
          "functionName": "multiply_partB_1",
          "label": "",
          "functionLabel": "",
          "pragma": {
            "name": "INTERFACE",
            "option": [
              {
                "name": "ap_fifo",
                "value": "",
                "positionalBoolean": "mode"
              },
              {
                "name": "port",
                "value": "C",
                "positionalBoolean": "4"
              }
            ]
          }
        },
        {
          "functionName": "multiply_partB_2",
          "label": "",
          "functionLabel": "",
          "pragma": {
            "name": "INTERFACE",
            "option": [
              {
                "name": "ap_fifo",
                "value": "",
                "positionalBoolean": "mode"
              },
              {
                "name": "port",
                "value": "A",
                "positionalBoolean": "4"
              }
            ]
          }
        },
        {
          "functionName": "multiply_partB_2",
          "label": "",
          "functionLabel": "",
          "pragma": {
            "name": "INTERFACE",
            "option": [
              {
                "name": "ap_fifo",
                "value": "",
                "positionalBoolean": "mode"
              },
              {
                "name": "port",
                "value": "B",
                "positionalBoolean": "4"
              }
            ]
          }
        },
        {
          "functionName": "multiply_partB_2",
          "label": "",
          "functionLabel": "",
          "pragma": {
            "name": "INTERFACE",
            "option": [
              {
                "name": "ap_fifo",
                "value": "",
                "positionalBoolean": "mode"
              },
              {
                "name": "port",
                "value": "C",
                "positionalBoolean": "4"
              }
            ]
          }
        }
      ]
    }]}
