<annotationInfo>
<annotationInfo>
<item  id="23" filename="mp3b/mp3b2.c" linenumber="5" name="arrayA" contextFuncName="multiply_partB_2" moduleName="multiply_partB_2" rtlName="arrayA_U" latency="0" BRAM="-1" DSP="-1" FF="-1" LUT="-1" fileDirectory="F:\ece527\UIUC-ECE527\mp3\mp3b"><\/item>
<item  id="24" filename="mp3b/mp3b2.c" linenumber="6" name="arrayB" contextFuncName="multiply_partB_2" moduleName="multiply_partB_2" rtlName="arrayB_U" latency="0" BRAM="-1" DSP="-1" FF="-1" LUT="-1" fileDirectory="F:\ece527\UIUC-ECE527\mp3\mp3b"><\/item>
<item  id="25" filename="mp3b/mp3b2.c" linenumber="7" name="arrayC" contextFuncName="multiply_partB_2" moduleName="multiply_partB_2" rtlName="arrayC_U" latency="0" BRAM="-1" DSP="-1" FF="-1" LUT="-1" fileDirectory="F:\ece527\UIUC-ECE527\mp3\mp3b"><\/item>
<item  id="33" filename="mp3b/mp3b2.c" linenumber="11" name="add_ln11" contextFuncName="multiply_partB_2" moduleName="multiply_partB_2" rtlName="add_ln11_fu_362_p2" latency="0" BRAM="-1" DSP="-1" FF="0" LUT="19" fileDirectory="F:\ece527\UIUC-ECE527\mp3\mp3b"><\/item>
<item  id="34" filename="mp3b/mp3b2.c" linenumber="11" name="zext_ln11" contextFuncName="multiply_partB_2" moduleName="multiply_partB_2" rtlName="zext_ln11_fu_368_p1" latency="0" BRAM="-1" DSP="-1" FF="-1" LUT="-1" fileDirectory="F:\ece527\UIUC-ECE527\mp3\mp3b"><\/item>
<item  id="35" filename="mp3b/mp3b2.c" linenumber="11" name="icmp_ln11" contextFuncName="multiply_partB_2" moduleName="multiply_partB_2" rtlName="icmp_ln11_fu_372_p2" latency="0" BRAM="-1" DSP="-1" FF="0" LUT="11" fileDirectory="F:\ece527\UIUC-ECE527\mp3\mp3b"><\/item>
<item  id="37" filename="mp3b/mp3b2.c" linenumber="11" name="i" contextFuncName="multiply_partB_2" moduleName="multiply_partB_2" rtlName="i_fu_378_p2" latency="0" BRAM="-1" DSP="-1" FF="0" LUT="15" fileDirectory="F:\ece527\UIUC-ECE527\mp3\mp3b"><\/item>
<item  id="42" filename="mp3b/mp3b2.c" linenumber="17" name="icmp_ln17" contextFuncName="multiply_partB_2" moduleName="multiply_partB_2" rtlName="icmp_ln17_fu_384_p2" latency="0" BRAM="-1" DSP="-1" FF="0" LUT="18" fileDirectory="F:\ece527\UIUC-ECE527\mp3\mp3b"><\/item>
<item  id="46" filename="mp3b/mp3b2.c" linenumber="13" name="zext_ln13" contextFuncName="multiply_partB_2" moduleName="multiply_partB_2" rtlName="zext_ln13_fu_389_p1" latency="0" BRAM="-1" DSP="-1" FF="-1" LUT="-1" fileDirectory="F:\ece527\UIUC-ECE527\mp3\mp3b"><\/item>
<item  id="47" filename="mp3b/mp3b2.c" linenumber="13" name="icmp_ln13" contextFuncName="multiply_partB_2" moduleName="multiply_partB_2" rtlName="icmp_ln13_fu_393_p2" latency="0" BRAM="-1" DSP="-1" FF="0" LUT="11" fileDirectory="F:\ece527\UIUC-ECE527\mp3\mp3b"><\/item>
<item  id="49" filename="mp3b/mp3b2.c" linenumber="13" name="j_3" contextFuncName="multiply_partB_2" moduleName="multiply_partB_2" rtlName="j_3_fu_399_p2" latency="0" BRAM="-1" DSP="-1" FF="0" LUT="15" fileDirectory="F:\ece527\UIUC-ECE527\mp3\mp3b"><\/item>
<item  id="52" filename="mp3b/mp3b2.c" linenumber="17" name="icmp_ln17_1" contextFuncName="multiply_partB_2" moduleName="multiply_partB_2" rtlName="icmp_ln17_1_fu_405_p2" latency="0" BRAM="-1" DSP="-1" FF="0" LUT="18" fileDirectory="F:\ece527\UIUC-ECE527\mp3\mp3b"><\/item>
<item  id="53" filename="mp3b/mp3b2.c" linenumber="17" name="and_ln17" contextFuncName="multiply_partB_2" moduleName="multiply_partB_2" rtlName="and_ln17_fu_410_p2" latency="0" BRAM="-1" DSP="-1" FF="0" LUT="2" fileDirectory="F:\ece527\UIUC-ECE527\mp3\mp3b"><\/item>
<item  id="56" filename="mp3b/mp3b2.c" linenumber="18" name="zext_ln18" contextFuncName="multiply_partB_2" moduleName="multiply_partB_2" rtlName="zext_ln18_fu_415_p1" latency="0" BRAM="-1" DSP="-1" FF="-1" LUT="-1" fileDirectory="F:\ece527\UIUC-ECE527\mp3\mp3b"><\/item>
<item  id="57" filename="mp3b/mp3b2.c" linenumber="18" name="add_ln18" contextFuncName="multiply_partB_2" moduleName="multiply_partB_2" rtlName="add_ln18_fu_419_p2" latency="0" BRAM="-1" DSP="-1" FF="0" LUT="19" fileDirectory="F:\ece527\UIUC-ECE527\mp3\mp3b"><\/item>
<item  id="58" filename="mp3b/mp3b2.c" linenumber="18" name="zext_ln18_1" contextFuncName="multiply_partB_2" moduleName="multiply_partB_2" rtlName="zext_ln18_1_fu_425_p1" latency="0" BRAM="-1" DSP="-1" FF="-1" LUT="-1" fileDirectory="F:\ece527\UIUC-ECE527\mp3\mp3b"><\/item>
<item  id="78" filename="mp3b/mp3b2.c" linenumber="27" name="add_ln27" contextFuncName="multiply_partB_2" moduleName="multiply_partB_2" rtlName="add_ln27_fu_432_p2" latency="0" BRAM="-1" DSP="-1" FF="0" LUT="19" fileDirectory="F:\ece527\UIUC-ECE527\mp3\mp3b"><\/item>
<item  id="79" filename="mp3b/mp3b2.c" linenumber="27" name="zext_ln27" contextFuncName="multiply_partB_2" moduleName="multiply_partB_2" rtlName="zext_ln27_fu_438_p1" latency="0" BRAM="-1" DSP="-1" FF="-1" LUT="-1" fileDirectory="F:\ece527\UIUC-ECE527\mp3\mp3b"><\/item>
<item  id="80" filename="mp3b/mp3b2.c" linenumber="27" name="icmp_ln27" contextFuncName="multiply_partB_2" moduleName="multiply_partB_2" rtlName="icmp_ln27_fu_442_p2" latency="0" BRAM="-1" DSP="-1" FF="0" LUT="11" fileDirectory="F:\ece527\UIUC-ECE527\mp3\mp3b"><\/item>
<item  id="82" filename="mp3b/mp3b2.c" linenumber="27" name="i_3" contextFuncName="multiply_partB_2" moduleName="multiply_partB_2" rtlName="i_3_fu_448_p2" latency="0" BRAM="-1" DSP="-1" FF="0" LUT="15" fileDirectory="F:\ece527\UIUC-ECE527\mp3\mp3b"><\/item>
<item  id="87" filename="mp3b/mp3b2.c" linenumber="35" name="icmp_ln35" contextFuncName="multiply_partB_2" moduleName="multiply_partB_2" rtlName="icmp_ln35_fu_454_p2" latency="0" BRAM="-1" DSP="-1" FF="0" LUT="18" fileDirectory="F:\ece527\UIUC-ECE527\mp3\mp3b"><\/item>
<item  id="91" filename="mp3b/mp3b2.c" linenumber="29" name="zext_ln29" contextFuncName="multiply_partB_2" moduleName="multiply_partB_2" rtlName="zext_ln29_fu_459_p1" latency="0" BRAM="-1" DSP="-1" FF="-1" LUT="-1" fileDirectory="F:\ece527\UIUC-ECE527\mp3\mp3b"><\/item>
<item  id="92" filename="mp3b/mp3b2.c" linenumber="29" name="icmp_ln29" contextFuncName="multiply_partB_2" moduleName="multiply_partB_2" rtlName="icmp_ln29_fu_463_p2" latency="0" BRAM="-1" DSP="-1" FF="0" LUT="11" fileDirectory="F:\ece527\UIUC-ECE527\mp3\mp3b"><\/item>
<item  id="94" filename="mp3b/mp3b2.c" linenumber="29" name="j" contextFuncName="multiply_partB_2" moduleName="multiply_partB_2" rtlName="j_fu_469_p2" latency="0" BRAM="-1" DSP="-1" FF="0" LUT="15" fileDirectory="F:\ece527\UIUC-ECE527\mp3\mp3b"><\/item>
<item  id="97" filename="mp3b/mp3b2.c" linenumber="35" name="icmp_ln35_1" contextFuncName="multiply_partB_2" moduleName="multiply_partB_2" rtlName="icmp_ln35_1_fu_475_p2" latency="0" BRAM="-1" DSP="-1" FF="0" LUT="18" fileDirectory="F:\ece527\UIUC-ECE527\mp3\mp3b"><\/item>
<item  id="98" filename="mp3b/mp3b2.c" linenumber="35" name="and_ln35" contextFuncName="multiply_partB_2" moduleName="multiply_partB_2" rtlName="and_ln35_fu_480_p2" latency="0" BRAM="-1" DSP="-1" FF="0" LUT="2" fileDirectory="F:\ece527\UIUC-ECE527\mp3\mp3b"><\/item>
<item  id="99" filename="mp3b/mp3b2.c" linenumber="36" name="zext_ln36" contextFuncName="multiply_partB_2" moduleName="multiply_partB_2" rtlName="zext_ln36_fu_485_p1" latency="0" BRAM="-1" DSP="-1" FF="-1" LUT="-1" fileDirectory="F:\ece527\UIUC-ECE527\mp3\mp3b"><\/item>
<item  id="100" filename="mp3b/mp3b2.c" linenumber="36" name="add_ln36_4" contextFuncName="multiply_partB_2" moduleName="multiply_partB_2" rtlName="add_ln36_4_fu_489_p2" latency="0" BRAM="-1" DSP="-1" FF="0" LUT="19" fileDirectory="F:\ece527\UIUC-ECE527\mp3\mp3b"><\/item>
<item  id="101" filename="mp3b/mp3b2.c" linenumber="36" name="zext_ln36_1" contextFuncName="multiply_partB_2" moduleName="multiply_partB_2" rtlName="zext_ln36_1_fu_495_p1" latency="0" BRAM="-1" DSP="-1" FF="-1" LUT="-1" fileDirectory="F:\ece527\UIUC-ECE527\mp3\mp3b"><\/item>
<item  id="106" filename="mp3b/mp3b2.c" linenumber="31" name="k_0_0_cast" contextFuncName="multiply_partB_2" moduleName="multiply_partB_2" rtlName="k_0_0_cast_fu_500_p1" latency="0" BRAM="-1" DSP="-1" FF="-1" LUT="-1" fileDirectory="F:\ece527\UIUC-ECE527\mp3\mp3b"><\/item>
<item  id="108" filename="mp3b/mp3b2.c" linenumber="31" name="icmp_ln31" contextFuncName="multiply_partB_2" moduleName="multiply_partB_2" rtlName="icmp_ln31_fu_504_p2" latency="0" BRAM="-1" DSP="-1" FF="0" LUT="11" fileDirectory="F:\ece527\UIUC-ECE527\mp3\mp3b"><\/item>
<item  id="111" filename="mp3b/mp3b2.c" linenumber="35" name="icmp_ln35_2" contextFuncName="multiply_partB_2" moduleName="multiply_partB_2" rtlName="icmp_ln35_2_fu_510_p2" latency="0" BRAM="-1" DSP="-1" FF="0" LUT="18" fileDirectory="F:\ece527\UIUC-ECE527\mp3\mp3b"><\/item>
<item  id="112" filename="mp3b/mp3b2.c" linenumber="35" name="and_ln35_1" contextFuncName="multiply_partB_2" moduleName="multiply_partB_2" rtlName="and_ln35_1_fu_515_p2" latency="0" BRAM="-1" DSP="-1" FF="0" LUT="2" fileDirectory="F:\ece527\UIUC-ECE527\mp3\mp3b"><\/item>
<item  id="115" filename="mp3b/mp3b2.c" linenumber="36" name="zext_ln36_2" contextFuncName="multiply_partB_2" moduleName="multiply_partB_2" rtlName="grp_fu_766_p00" latency="0" BRAM="-1" DSP="-1" FF="-1" LUT="-1" fileDirectory="F:\ece527\UIUC-ECE527\mp3\mp3b"><\/item>
<item  id="116" filename="mp3b/mp3b2.c" linenumber="36" name="zext_ln36_3" contextFuncName="multiply_partB_2" moduleName="multiply_partB_2" rtlName="zext_ln36_3_fu_524_p1" latency="0" BRAM="-1" DSP="-1" FF="-1" LUT="-1" fileDirectory="F:\ece527\UIUC-ECE527\mp3\mp3b"><\/item>
<item  id="117" filename="mp3b/mp3b2.c" linenumber="36" name="add_ln36_5" contextFuncName="multiply_partB_2" moduleName="multiply_partB_2" rtlName="add_ln36_5_fu_528_p2" latency="0" BRAM="-1" DSP="-1" FF="0" LUT="19" fileDirectory="F:\ece527\UIUC-ECE527\mp3\mp3b"><\/item>
<item  id="118" filename="mp3b/mp3b2.c" linenumber="36" name="zext_ln36_4" contextFuncName="multiply_partB_2" moduleName="multiply_partB_2" rtlName="zext_ln36_4_fu_534_p1" latency="0" BRAM="-1" DSP="-1" FF="-1" LUT="-1" fileDirectory="F:\ece527\UIUC-ECE527\mp3\mp3b"><\/item>
<item  id="120" filename="mp3b/mp3b2.c" linenumber="36" name="mul_ln36_4" contextFuncName="multiply_partB_2" moduleName="multiply_partB_2" rtlName="multiply_partB_2_eOg_U1" latency="0" BRAM="-1" DSP="-1" FF="-1" LUT="-1" fileDirectory="F:\ece527\UIUC-ECE527\mp3\mp3b"><\/item>
<item  id="121" filename="mp3b/mp3b2.c" linenumber="36" name="add_ln36_6" contextFuncName="multiply_partB_2" moduleName="multiply_partB_2" rtlName="multiply_partB_2_eOg_U1" latency="0" BRAM="-1" DSP="-1" FF="-1" LUT="-1" fileDirectory="F:\ece527\UIUC-ECE527\mp3\mp3b"><\/item>
<item  id="122" filename="mp3b/mp3b2.c" linenumber="36" name="zext_ln36_5" contextFuncName="multiply_partB_2" moduleName="multiply_partB_2" rtlName="zext_ln36_5_fu_539_p1" latency="0" BRAM="-1" DSP="-1" FF="-1" LUT="-1" fileDirectory="F:\ece527\UIUC-ECE527\mp3\mp3b"><\/item>
<item  id="126" filename="mp3b/mp3b2.c" linenumber="36" name="mul_ln36" contextFuncName="multiply_partB_2" moduleName="multiply_partB_2" rtlName="grp_fu_356_p2" latency="0" BRAM="-1" DSP="3" FF="0" LUT="20" fileDirectory="F:\ece527\UIUC-ECE527\mp3\mp3b"><\/item>
<item  id="128" filename="mp3b/mp3b2.c" linenumber="36" name="add_ln36" contextFuncName="multiply_partB_2" moduleName="multiply_partB_2" rtlName="add_ln36_fu_543_p2" latency="0" BRAM="-1" DSP="-1" FF="0" LUT="39" fileDirectory="F:\ece527\UIUC-ECE527\mp3\mp3b"><\/item>
<item  id="132" filename="mp3b/mp3b2.c" linenumber="31" name="or_ln31" contextFuncName="multiply_partB_2" moduleName="multiply_partB_2" rtlName="or_ln31_fu_548_p2" latency="0" BRAM="-1" DSP="-1" FF="0" LUT="7" fileDirectory="F:\ece527\UIUC-ECE527\mp3\mp3b"><\/item>
<item  id="133" filename="mp3b/mp3b2.c" linenumber="31" name="zext_ln31" contextFuncName="multiply_partB_2" moduleName="multiply_partB_2" rtlName="zext_ln31_fu_554_p1" latency="0" BRAM="-1" DSP="-1" FF="-1" LUT="-1" fileDirectory="F:\ece527\UIUC-ECE527\mp3\mp3b"><\/item>
<item  id="134" filename="mp3b/mp3b2.c" linenumber="35" name="icmp_ln35_3" contextFuncName="multiply_partB_2" moduleName="multiply_partB_2" rtlName="icmp_ln35_3_fu_558_p2" latency="0" BRAM="-1" DSP="-1" FF="0" LUT="18" fileDirectory="F:\ece527\UIUC-ECE527\mp3\mp3b"><\/item>
<item  id="135" filename="mp3b/mp3b2.c" linenumber="35" name="and_ln35_2" contextFuncName="multiply_partB_2" moduleName="multiply_partB_2" rtlName="and_ln35_2_fu_563_p2" latency="0" BRAM="-1" DSP="-1" FF="0" LUT="2" fileDirectory="F:\ece527\UIUC-ECE527\mp3\mp3b"><\/item>
<item  id="138" filename="mp3b/mp3b2.c" linenumber="36" name="zext_ln36_6" contextFuncName="multiply_partB_2" moduleName="multiply_partB_2" rtlName="grp_fu_774_p00" latency="0" BRAM="-1" DSP="-1" FF="-1" LUT="-1" fileDirectory="F:\ece527\UIUC-ECE527\mp3\mp3b"><\/item>
<item  id="139" filename="mp3b/mp3b2.c" linenumber="36" name="zext_ln36_7" contextFuncName="multiply_partB_2" moduleName="multiply_partB_2" rtlName="zext_ln36_7_fu_572_p1" latency="0" BRAM="-1" DSP="-1" FF="-1" LUT="-1" fileDirectory="F:\ece527\UIUC-ECE527\mp3\mp3b"><\/item>
<item  id="140" filename="mp3b/mp3b2.c" linenumber="36" name="add_ln36_7" contextFuncName="multiply_partB_2" moduleName="multiply_partB_2" rtlName="add_ln36_7_fu_576_p2" latency="0" BRAM="-1" DSP="-1" FF="0" LUT="19" fileDirectory="F:\ece527\UIUC-ECE527\mp3\mp3b"><\/item>
<item  id="141" filename="mp3b/mp3b2.c" linenumber="36" name="zext_ln36_8" contextFuncName="multiply_partB_2" moduleName="multiply_partB_2" rtlName="zext_ln36_8_fu_582_p1" latency="0" BRAM="-1" DSP="-1" FF="-1" LUT="-1" fileDirectory="F:\ece527\UIUC-ECE527\mp3\mp3b"><\/item>
<item  id="143" filename="mp3b/mp3b2.c" linenumber="36" name="mul_ln36_5" contextFuncName="multiply_partB_2" moduleName="multiply_partB_2" rtlName="multiply_partB_2_eOg_U2" latency="0" BRAM="-1" DSP="-1" FF="-1" LUT="-1" fileDirectory="F:\ece527\UIUC-ECE527\mp3\mp3b"><\/item>
<item  id="144" filename="mp3b/mp3b2.c" linenumber="36" name="add_ln36_8" contextFuncName="multiply_partB_2" moduleName="multiply_partB_2" rtlName="multiply_partB_2_eOg_U2" latency="0" BRAM="-1" DSP="-1" FF="-1" LUT="-1" fileDirectory="F:\ece527\UIUC-ECE527\mp3\mp3b"><\/item>
<item  id="145" filename="mp3b/mp3b2.c" linenumber="36" name="zext_ln36_9" contextFuncName="multiply_partB_2" moduleName="multiply_partB_2" rtlName="zext_ln36_9_fu_587_p1" latency="0" BRAM="-1" DSP="-1" FF="-1" LUT="-1" fileDirectory="F:\ece527\UIUC-ECE527\mp3\mp3b"><\/item>
<item  id="149" filename="mp3b/mp3b2.c" linenumber="36" name="mul_ln36_1" contextFuncName="multiply_partB_2" moduleName="multiply_partB_2" rtlName="grp_fu_356_p2" latency="0" BRAM="-1" DSP="3" FF="0" LUT="20" fileDirectory="F:\ece527\UIUC-ECE527\mp3\mp3b"><\/item>
<item  id="151" filename="mp3b/mp3b2.c" linenumber="36" name="add_ln36_1" contextFuncName="multiply_partB_2" moduleName="multiply_partB_2" rtlName="add_ln36_1_fu_591_p2" latency="0" BRAM="-1" DSP="-1" FF="0" LUT="39" fileDirectory="F:\ece527\UIUC-ECE527\mp3\mp3b"><\/item>
<item  id="155" filename="mp3b/mp3b2.c" linenumber="31" name="or_ln31_1" contextFuncName="multiply_partB_2" moduleName="multiply_partB_2" rtlName="or_ln31_1_fu_596_p2" latency="0" BRAM="-1" DSP="-1" FF="0" LUT="7" fileDirectory="F:\ece527\UIUC-ECE527\mp3\mp3b"><\/item>
<item  id="156" filename="mp3b/mp3b2.c" linenumber="31" name="zext_ln31_1" contextFuncName="multiply_partB_2" moduleName="multiply_partB_2" rtlName="zext_ln31_1_fu_602_p1" latency="0" BRAM="-1" DSP="-1" FF="-1" LUT="-1" fileDirectory="F:\ece527\UIUC-ECE527\mp3\mp3b"><\/item>
<item  id="157" filename="mp3b/mp3b2.c" linenumber="35" name="icmp_ln35_4" contextFuncName="multiply_partB_2" moduleName="multiply_partB_2" rtlName="icmp_ln35_4_fu_606_p2" latency="0" BRAM="-1" DSP="-1" FF="0" LUT="18" fileDirectory="F:\ece527\UIUC-ECE527\mp3\mp3b"><\/item>
<item  id="158" filename="mp3b/mp3b2.c" linenumber="35" name="and_ln35_3" contextFuncName="multiply_partB_2" moduleName="multiply_partB_2" rtlName="and_ln35_3_fu_611_p2" latency="0" BRAM="-1" DSP="-1" FF="0" LUT="2" fileDirectory="F:\ece527\UIUC-ECE527\mp3\mp3b"><\/item>
<item  id="161" filename="mp3b/mp3b2.c" linenumber="36" name="zext_ln36_10" contextFuncName="multiply_partB_2" moduleName="multiply_partB_2" rtlName="grp_fu_782_p00" latency="0" BRAM="-1" DSP="-1" FF="-1" LUT="-1" fileDirectory="F:\ece527\UIUC-ECE527\mp3\mp3b"><\/item>
<item  id="162" filename="mp3b/mp3b2.c" linenumber="36" name="zext_ln36_11" contextFuncName="multiply_partB_2" moduleName="multiply_partB_2" rtlName="zext_ln36_11_fu_620_p1" latency="0" BRAM="-1" DSP="-1" FF="-1" LUT="-1" fileDirectory="F:\ece527\UIUC-ECE527\mp3\mp3b"><\/item>
<item  id="163" filename="mp3b/mp3b2.c" linenumber="36" name="add_ln36_9" contextFuncName="multiply_partB_2" moduleName="multiply_partB_2" rtlName="add_ln36_9_fu_624_p2" latency="0" BRAM="-1" DSP="-1" FF="0" LUT="19" fileDirectory="F:\ece527\UIUC-ECE527\mp3\mp3b"><\/item>
<item  id="164" filename="mp3b/mp3b2.c" linenumber="36" name="zext_ln36_12" contextFuncName="multiply_partB_2" moduleName="multiply_partB_2" rtlName="zext_ln36_12_fu_630_p1" latency="0" BRAM="-1" DSP="-1" FF="-1" LUT="-1" fileDirectory="F:\ece527\UIUC-ECE527\mp3\mp3b"><\/item>
<item  id="166" filename="mp3b/mp3b2.c" linenumber="36" name="mul_ln36_6" contextFuncName="multiply_partB_2" moduleName="multiply_partB_2" rtlName="multiply_partB_2_eOg_U3" latency="0" BRAM="-1" DSP="-1" FF="-1" LUT="-1" fileDirectory="F:\ece527\UIUC-ECE527\mp3\mp3b"><\/item>
<item  id="167" filename="mp3b/mp3b2.c" linenumber="36" name="add_ln36_10" contextFuncName="multiply_partB_2" moduleName="multiply_partB_2" rtlName="multiply_partB_2_eOg_U3" latency="0" BRAM="-1" DSP="-1" FF="-1" LUT="-1" fileDirectory="F:\ece527\UIUC-ECE527\mp3\mp3b"><\/item>
<item  id="168" filename="mp3b/mp3b2.c" linenumber="36" name="zext_ln36_13" contextFuncName="multiply_partB_2" moduleName="multiply_partB_2" rtlName="zext_ln36_13_fu_635_p1" latency="0" BRAM="-1" DSP="-1" FF="-1" LUT="-1" fileDirectory="F:\ece527\UIUC-ECE527\mp3\mp3b"><\/item>
<item  id="172" filename="mp3b/mp3b2.c" linenumber="36" name="mul_ln36_2" contextFuncName="multiply_partB_2" moduleName="multiply_partB_2" rtlName="grp_fu_356_p2" latency="0" BRAM="-1" DSP="3" FF="0" LUT="20" fileDirectory="F:\ece527\UIUC-ECE527\mp3\mp3b"><\/item>
<item  id="174" filename="mp3b/mp3b2.c" linenumber="36" name="add_ln36_2" contextFuncName="multiply_partB_2" moduleName="multiply_partB_2" rtlName="add_ln36_2_fu_639_p2" latency="0" BRAM="-1" DSP="-1" FF="0" LUT="39" fileDirectory="F:\ece527\UIUC-ECE527\mp3\mp3b"><\/item>
<item  id="178" filename="mp3b/mp3b2.c" linenumber="31" name="or_ln31_2" contextFuncName="multiply_partB_2" moduleName="multiply_partB_2" rtlName="or_ln31_2_fu_644_p2" latency="0" BRAM="-1" DSP="-1" FF="0" LUT="7" fileDirectory="F:\ece527\UIUC-ECE527\mp3\mp3b"><\/item>
<item  id="179" filename="mp3b/mp3b2.c" linenumber="31" name="zext_ln31_2" contextFuncName="multiply_partB_2" moduleName="multiply_partB_2" rtlName="zext_ln31_2_fu_650_p1" latency="0" BRAM="-1" DSP="-1" FF="-1" LUT="-1" fileDirectory="F:\ece527\UIUC-ECE527\mp3\mp3b"><\/item>
<item  id="180" filename="mp3b/mp3b2.c" linenumber="35" name="icmp_ln35_5" contextFuncName="multiply_partB_2" moduleName="multiply_partB_2" rtlName="icmp_ln35_5_fu_654_p2" latency="0" BRAM="-1" DSP="-1" FF="0" LUT="18" fileDirectory="F:\ece527\UIUC-ECE527\mp3\mp3b"><\/item>
<item  id="181" filename="mp3b/mp3b2.c" linenumber="35" name="and_ln35_4" contextFuncName="multiply_partB_2" moduleName="multiply_partB_2" rtlName="and_ln35_4_fu_659_p2" latency="0" BRAM="-1" DSP="-1" FF="0" LUT="2" fileDirectory="F:\ece527\UIUC-ECE527\mp3\mp3b"><\/item>
<item  id="184" filename="mp3b/mp3b2.c" linenumber="36" name="zext_ln36_14" contextFuncName="multiply_partB_2" moduleName="multiply_partB_2" rtlName="grp_fu_790_p00" latency="0" BRAM="-1" DSP="-1" FF="-1" LUT="-1" fileDirectory="F:\ece527\UIUC-ECE527\mp3\mp3b"><\/item>
<item  id="185" filename="mp3b/mp3b2.c" linenumber="36" name="zext_ln36_15" contextFuncName="multiply_partB_2" moduleName="multiply_partB_2" rtlName="zext_ln36_15_fu_668_p1" latency="0" BRAM="-1" DSP="-1" FF="-1" LUT="-1" fileDirectory="F:\ece527\UIUC-ECE527\mp3\mp3b"><\/item>
<item  id="186" filename="mp3b/mp3b2.c" linenumber="36" name="add_ln36_11" contextFuncName="multiply_partB_2" moduleName="multiply_partB_2" rtlName="add_ln36_11_fu_672_p2" latency="0" BRAM="-1" DSP="-1" FF="0" LUT="19" fileDirectory="F:\ece527\UIUC-ECE527\mp3\mp3b"><\/item>
<item  id="187" filename="mp3b/mp3b2.c" linenumber="36" name="zext_ln36_16" contextFuncName="multiply_partB_2" moduleName="multiply_partB_2" rtlName="zext_ln36_16_fu_678_p1" latency="0" BRAM="-1" DSP="-1" FF="-1" LUT="-1" fileDirectory="F:\ece527\UIUC-ECE527\mp3\mp3b"><\/item>
<item  id="189" filename="mp3b/mp3b2.c" linenumber="36" name="mul_ln36_7" contextFuncName="multiply_partB_2" moduleName="multiply_partB_2" rtlName="multiply_partB_2_eOg_U4" latency="0" BRAM="-1" DSP="-1" FF="-1" LUT="-1" fileDirectory="F:\ece527\UIUC-ECE527\mp3\mp3b"><\/item>
<item  id="190" filename="mp3b/mp3b2.c" linenumber="36" name="add_ln36_12" contextFuncName="multiply_partB_2" moduleName="multiply_partB_2" rtlName="multiply_partB_2_eOg_U4" latency="0" BRAM="-1" DSP="-1" FF="-1" LUT="-1" fileDirectory="F:\ece527\UIUC-ECE527\mp3\mp3b"><\/item>
<item  id="191" filename="mp3b/mp3b2.c" linenumber="36" name="zext_ln36_17" contextFuncName="multiply_partB_2" moduleName="multiply_partB_2" rtlName="zext_ln36_17_fu_683_p1" latency="0" BRAM="-1" DSP="-1" FF="-1" LUT="-1" fileDirectory="F:\ece527\UIUC-ECE527\mp3\mp3b"><\/item>
<item  id="195" filename="mp3b/mp3b2.c" linenumber="36" name="mul_ln36_3" contextFuncName="multiply_partB_2" moduleName="multiply_partB_2" rtlName="grp_fu_356_p2" latency="0" BRAM="-1" DSP="3" FF="0" LUT="20" fileDirectory="F:\ece527\UIUC-ECE527\mp3\mp3b"><\/item>
<item  id="197" filename="mp3b/mp3b2.c" linenumber="36" name="add_ln36_3" contextFuncName="multiply_partB_2" moduleName="multiply_partB_2" rtlName="add_ln36_3_fu_687_p2" latency="0" BRAM="-1" DSP="-1" FF="0" LUT="39" fileDirectory="F:\ece527\UIUC-ECE527\mp3\mp3b"><\/item>
<item  id="201" filename="mp3b/mp3b2.c" linenumber="31" name="add_ln31" contextFuncName="multiply_partB_2" moduleName="multiply_partB_2" rtlName="add_ln31_fu_692_p2" latency="0" BRAM="-1" DSP="-1" FF="0" LUT="15" fileDirectory="F:\ece527\UIUC-ECE527\mp3\mp3b"><\/item>
<item  id="213" filename="mp3b/mp3b2.c" linenumber="42" name="add_ln42" contextFuncName="multiply_partB_2" moduleName="multiply_partB_2" rtlName="add_ln42_fu_698_p2" latency="0" BRAM="-1" DSP="-1" FF="0" LUT="19" fileDirectory="F:\ece527\UIUC-ECE527\mp3\mp3b"><\/item>
<item  id="214" filename="mp3b/mp3b2.c" linenumber="42" name="zext_ln42" contextFuncName="multiply_partB_2" moduleName="multiply_partB_2" rtlName="zext_ln42_fu_704_p1" latency="0" BRAM="-1" DSP="-1" FF="-1" LUT="-1" fileDirectory="F:\ece527\UIUC-ECE527\mp3\mp3b"><\/item>
<item  id="215" filename="mp3b/mp3b2.c" linenumber="42" name="icmp_ln42" contextFuncName="multiply_partB_2" moduleName="multiply_partB_2" rtlName="icmp_ln42_fu_708_p2" latency="0" BRAM="-1" DSP="-1" FF="0" LUT="11" fileDirectory="F:\ece527\UIUC-ECE527\mp3\mp3b"><\/item>
<item  id="217" filename="mp3b/mp3b2.c" linenumber="42" name="i_4" contextFuncName="multiply_partB_2" moduleName="multiply_partB_2" rtlName="i_4_fu_714_p2" latency="0" BRAM="-1" DSP="-1" FF="0" LUT="15" fileDirectory="F:\ece527\UIUC-ECE527\mp3\mp3b"><\/item>
<item  id="222" filename="mp3b/mp3b2.c" linenumber="47" name="icmp_ln47" contextFuncName="multiply_partB_2" moduleName="multiply_partB_2" rtlName="icmp_ln47_fu_720_p2" latency="0" BRAM="-1" DSP="-1" FF="0" LUT="18" fileDirectory="F:\ece527\UIUC-ECE527\mp3\mp3b"><\/item>
<item  id="226" filename="mp3b/mp3b2.c" linenumber="44" name="zext_ln44" contextFuncName="multiply_partB_2" moduleName="multiply_partB_2" rtlName="zext_ln44_fu_725_p1" latency="0" BRAM="-1" DSP="-1" FF="-1" LUT="-1" fileDirectory="F:\ece527\UIUC-ECE527\mp3\mp3b"><\/item>
<item  id="227" filename="mp3b/mp3b2.c" linenumber="44" name="icmp_ln44" contextFuncName="multiply_partB_2" moduleName="multiply_partB_2" rtlName="icmp_ln44_fu_729_p2" latency="0" BRAM="-1" DSP="-1" FF="0" LUT="11" fileDirectory="F:\ece527\UIUC-ECE527\mp3\mp3b"><\/item>
<item  id="229" filename="mp3b/mp3b2.c" linenumber="44" name="j_4" contextFuncName="multiply_partB_2" moduleName="multiply_partB_2" rtlName="j_4_fu_735_p2" latency="0" BRAM="-1" DSP="-1" FF="0" LUT="15" fileDirectory="F:\ece527\UIUC-ECE527\mp3\mp3b"><\/item>
<item  id="232" filename="mp3b/mp3b2.c" linenumber="47" name="icmp_ln47_1" contextFuncName="multiply_partB_2" moduleName="multiply_partB_2" rtlName="icmp_ln47_1_fu_741_p2" latency="0" BRAM="-1" DSP="-1" FF="0" LUT="18" fileDirectory="F:\ece527\UIUC-ECE527\mp3\mp3b"><\/item>
<item  id="233" filename="mp3b/mp3b2.c" linenumber="47" name="and_ln47" contextFuncName="multiply_partB_2" moduleName="multiply_partB_2" rtlName="and_ln47_fu_746_p2" latency="0" BRAM="-1" DSP="-1" FF="0" LUT="2" fileDirectory="F:\ece527\UIUC-ECE527\mp3\mp3b"><\/item>
<item  id="236" filename="mp3b/mp3b2.c" linenumber="48" name="zext_ln48" contextFuncName="multiply_partB_2" moduleName="multiply_partB_2" rtlName="zext_ln48_fu_751_p1" latency="0" BRAM="-1" DSP="-1" FF="-1" LUT="-1" fileDirectory="F:\ece527\UIUC-ECE527\mp3\mp3b"><\/item>
<item  id="237" filename="mp3b/mp3b2.c" linenumber="48" name="add_ln48" contextFuncName="multiply_partB_2" moduleName="multiply_partB_2" rtlName="add_ln48_fu_755_p2" latency="0" BRAM="-1" DSP="-1" FF="0" LUT="19" fileDirectory="F:\ece527\UIUC-ECE527\mp3\mp3b"><\/item>
<item  id="238" filename="mp3b/mp3b2.c" linenumber="48" name="zext_ln48_1" contextFuncName="multiply_partB_2" moduleName="multiply_partB_2" rtlName="zext_ln48_1_fu_761_p1" latency="0" BRAM="-1" DSP="-1" FF="-1" LUT="-1" fileDirectory="F:\ece527\UIUC-ECE527\mp3\mp3b"><\/item>
<\/annotationInfo>
</annotationInfo>
