<?xml version="1.0" encoding="UTF-8"?>
<GenRun Id="impl_1" LaunchPart="xc7z020clg400-1" LaunchTime="1662309096">
  <File Type="OPT-HWDEF" Name="mp1b_rtl.hwdef"/>
  <File Type="ROUTE-BUS-SKEW" Name="mp1b_rtl_bus_skew_routed.rpt"/>
  <File Type="PA-DCP" Name="mp1b_rtl.dcp"/>
  <File Type="BITSTR-BMM" Name="mp1b_rtl_bd.bmm"/>
  <File Type="ROUTE-PWR" Name="mp1b_rtl_power_routed.rpt"/>
  <File Type="PA-TCL" Name="mp1b_rtl.tcl"/>
  <File Type="REPORTS-TCL" Name="mp1b_rtl_reports.tcl"/>
  <File Type="ROUTE-PWR-SUM" Name="mp1b_rtl_power_summary_routed.pb"/>
  <File Type="OPT-DCP" Name="mp1b_rtl_opt.dcp"/>
  <File Type="OPT-DRC" Name="mp1b_rtl_drc_opted.rpt"/>
  <File Type="PWROPT-DCP" Name="mp1b_rtl_pwropt.dcp"/>
  <File Type="PLACE-DCP" Name="mp1b_rtl_placed.dcp"/>
  <File Type="PLACE-IO" Name="mp1b_rtl_io_placed.rpt"/>
  <File Type="PLACE-UTIL" Name="mp1b_rtl_utilization_placed.rpt"/>
  <File Type="PLACE-UTIL-PB" Name="mp1b_rtl_utilization_placed.pb"/>
  <File Type="PLACE-CTRL" Name="mp1b_rtl_control_sets_placed.rpt"/>
  <File Type="PLACE-PRE-SIMILARITY" Name="mp1b_rtl_incremental_reuse_pre_placed.rpt"/>
  <File Type="POSTPLACE-PWROPT-DCP" Name="mp1b_rtl_postplace_pwropt.dcp"/>
  <File Type="BG-BIN" Name="mp1b_rtl.bin"/>
  <File Type="PHYSOPT-DCP" Name="mp1b_rtl_physopt.dcp"/>
  <File Type="BITSTR-MSK" Name="mp1b_rtl.msk"/>
  <File Type="ROUTE-ERROR-DCP" Name="mp1b_rtl_routed_error.dcp"/>
  <File Type="ROUTE-DCP" Name="mp1b_rtl_routed.dcp"/>
  <File Type="ROUTE-BLACKBOX-DCP" Name="mp1b_rtl_routed_bb.dcp"/>
  <File Type="ROUTE-DRC" Name="mp1b_rtl_drc_routed.rpt"/>
  <File Type="ROUTE-DRC-PB" Name="mp1b_rtl_drc_routed.pb"/>
  <File Type="BITSTR-LTX" Name="mp1b_rtl.ltx"/>
  <File Type="ROUTE-DRC-RPX" Name="mp1b_rtl_drc_routed.rpx"/>
  <File Type="BITSTR-MMI" Name="mp1b_rtl.mmi"/>
  <File Type="ROUTE-METHODOLOGY-DRC" Name="mp1b_rtl_methodology_drc_routed.rpt"/>
  <File Type="ROUTE-METHODOLOGY-DRC-RPX" Name="mp1b_rtl_methodology_drc_routed.rpx"/>
  <File Type="BITSTR-SYSDEF" Name="mp1b_rtl.sysdef"/>
  <File Type="ROUTE-METHODOLOGY-DRC-PB" Name="mp1b_rtl_methodology_drc_routed.pb"/>
  <File Type="ROUTE-PWR-RPX" Name="mp1b_rtl_power_routed.rpx"/>
  <File Type="ROUTE-STATUS" Name="mp1b_rtl_route_status.rpt"/>
  <File Type="ROUTE-STATUS-PB" Name="mp1b_rtl_route_status.pb"/>
  <File Type="ROUTE-TIMINGSUMMARY" Name="mp1b_rtl_timing_summary_routed.rpt"/>
  <File Type="ROUTE-TIMING-PB" Name="mp1b_rtl_timing_summary_routed.pb"/>
  <File Type="ROUTE-TIMING-RPX" Name="mp1b_rtl_timing_summary_routed.rpx"/>
  <File Type="RDI-RDI" Name="mp1b_rtl.vdi"/>
  <File Type="ROUTE-CLK" Name="mp1b_rtl_clock_utilization_routed.rpt"/>
  <File Type="ROUTE-BUS-SKEW-PB" Name="mp1b_rtl_bus_skew_routed.pb"/>
  <File Type="ROUTE-BUS-SKEW-RPX" Name="mp1b_rtl_bus_skew_routed.rpx"/>
  <File Type="POSTROUTE-PHYSOPT-DCP" Name="mp1b_rtl_postroute_physopt.dcp"/>
  <File Type="POSTROUTE-PHYSOPT-BLACKBOX-DCP" Name="mp1b_rtl_postroute_physopt_bb.dcp"/>
  <File Type="BG-BIT" Name="mp1b_rtl.bit"/>
  <File Type="BITSTR-RBT" Name="mp1b_rtl.rbt"/>
  <File Type="BITSTR-NKY" Name="mp1b_rtl.nky"/>
  <File Type="BG-BGN" Name="mp1b_rtl.bgn"/>
  <File Type="BG-DRC" Name="mp1b_rtl.drc"/>
  <File Type="WBT-USG" Name="usage_statistics_webtalk.html"/>
  <FileSet Name="sources" Type="DesignSrcs" RelSrcDir="$PSRCDIR/sources_1">
    <Filter Type="Srcs"/>
    <File Path="$PSRCDIR/sources_1/new/mp1b_rtl.v">
      <FileInfo>
        <Attr Name="ImportPath" Val="D:/Code/UIUC-ECE527/mp1/mp1b/mp1b.srcs/sources_1/new/mp1b_rtl.v"/>
        <Attr Name="ImportTime" Val="1662308712"/>
        <Attr Name="UsedIn" Val="synthesis"/>
        <Attr Name="UsedIn" Val="implementation"/>
        <Attr Name="UsedIn" Val="simulation"/>
      </FileInfo>
    </File>
    <Config>
      <Option Name="DesignMode" Val="RTL"/>
      <Option Name="TopModule" Val="mp1b_rtl"/>
      <Option Name="TopAutoSet" Val="TRUE"/>
    </Config>
  </FileSet>
  <FileSet Name="constrs_in" Type="Constrs" RelSrcDir="$PSRCDIR/constrs_1">
    <Filter Type="Constrs"/>
    <File Path="$PSRCDIR/constrs_1/new/mp1b_constraints.xdc">
      <FileInfo>
        <Attr Name="ImportPath" Val="D:/Code/UIUC-ECE527/mp1/mp1b/mp1b.srcs/constrs_1/new/mp1b_constraints.xdc"/>
        <Attr Name="ImportTime" Val="1662269741"/>
        <Attr Name="UsedIn" Val="synthesis"/>
        <Attr Name="UsedIn" Val="implementation"/>
      </FileInfo>
    </File>
    <Config>
      <Option Name="ConstrsType" Val="XDC"/>
    </Config>
  </FileSet>
  <FileSet Name="utils" Type="Utils" RelSrcDir="$PSRCDIR/utils_1">
    <Filter Type="Utils"/>
    <Config>
      <Option Name="TopAutoSet" Val="TRUE"/>
    </Config>
  </FileSet>
  <Strategy Version="1" Minor="2">
    <StratHandle Name="Vivado Implementation Defaults" Flow="Vivado Implementation 2019"/>
    <Step Id="init_design"/>
    <Step Id="opt_design"/>
    <Step Id="power_opt_design"/>
    <Step Id="place_design"/>
    <Step Id="post_place_power_opt_design"/>
    <Step Id="phys_opt_design"/>
    <Step Id="route_design"/>
    <Step Id="post_route_phys_opt_design"/>
    <Step Id="write_bitstream"/>
  </Strategy>
</GenRun>
